UP1063-BLUS31150_00-THEMEPS3UX000026;3;Hyperdimension Neptunia Victory Custom Theme (US);;MISSING;http://ares.dl.playstation.net/cdn/UP1063/BLUS31150_00/iDqumfcquxYZQYKXszlXeuJGGGgeVlCYQvflHcuyZmOMynfudWpfktOYBffGfiDg.pkg;4541472;;;US
JP0031-BLJM60492_00-THEME00000000001;3;UNKNOWN TITLE (JP);;MISSING;http://ares.dl.playstation.net/cdn/JP0031/BLJM60492_00/rSRqBNfLBPQEsIOASUhgmIwEPZfSHVYPOwQmRQClyAPtpBsBruiXQemCBbXlrcMyhzMdYgcPDyZzZWfFiBiOtpuZabJhkdVBIafyP.pkg?product=0088&country=jp;3413648;;;JP
HP9000-NPHO00139_00-LASTOFUSSTATIC01;3;The Last of Us™ Theme (ASIA);;MISSING;http://ares.dl.playstation.net/cdn/HP9000/NPHO00139_00/YyzuZkPKIbmbTvQUuNeOwYKAojTNZzglklvjPxbPBXXDFVWZguPlkbvLRKXUKLCZuwDcunvYxsUtAQPittXFdOLZIwUwkZenNVWwJ.pkg;2188080;;;ASIA
JP0031-NPJR00028_00-DLT0000000000001;3;UNKNOWN TITLE (JP);;MISSING;http://ares.dl.playstation.net/cdn/JP0031/NPJR00028_00/LwlwsHzvDmDdeBIAcTNOGbkhxCFRSSIifEfwGEPcGwnrahpOrlyGqGkvXwZlyUwLcDoAibEMzuLumitvoxZhqxrQyqOsYCMDgIlPs.pkg?product=0088&country=jp;2749824;;;JP
EP0002-NPEP00217_00-TDESTINYXX000001;3;Destiny™ (EU);;84458398b5afe74e06789b744221409c;http://zeus.dl.playstation.net/cdn/EP0002/NPEP00217_00/TnPCktddOdVRISHWPqrJVVWApeCrwumSOiIpzXywqTQttCiZmomVQxNPKxuHPeXQ.pkg;6092016;;;EU
EP9000-NPEO00087_00-TSPDYNAMIC000026;3;Tema Dinamico 1° Anniversario PlayStation®Plus (EU);;0687dc725c0f6d26d2380631e3361ec7;http://zeus.dl.playstation.net/cdn/EP9000/NPEO00087_00/qYPckeohPwLhVHjzhuiqEIJqUjpdtGPvvOzCnYSVWjgLJCPSrAIBNNOfkzhXwwWM.pkg;10782848;;;EU
EP9000-NPEO00147_00-TVODAFONEC000001;3;Vodafone Theme (EU);;MISSING;http://zeus.dl.playstation.net/cdn/EP9000/NPEO00147_00/pZMpAKMKxxhfrahHhZlBUIXPxdeoMooHXMOjHEqvqxWHXFZbrojazSNidTWpCsbW.pkg;1721200;;;EU
UP9000-NPUA98245_00-LBP2THEME711ST01;3;LittleBigPlanet™ 2 Slurpee Theme 1 (US);;MISSING;http://zeus.dl.playstation.net/cdn/UP9000/NPUA98245_00/CeBlwtoYvvPMnYVfIkyhMXZzmMwaobQLmfPkwLxdicCCweslZiBepagOIcZdOsTKPoBpqhjWnZnYUyTRhuwPAPkwkGoXZpidPXxLh.pkg;3633440;;;US
UP9000-NPUA98245_00-LBP2THEME711ST02;3;LittleBigPlanet™ 2 Slurpee Theme 2 (US);;MISSING;http://zeus.dl.playstation.net/cdn/UP9000/NPUA98245_00/KOzSSYyvzxWJapAIkwxVMEGennehOrQgNbpoTunnZviNlIlVxnCOuDSasBLTarwipAGmtZMxSigHqwouXVqUQrcZgCHrOxrDkoDRf.pkg;3497328;;;US
HP9000-NPHO00016_00-PS3MIUMIUHOUSEKR;3;LocoRoco™ 2 테마(muimui house) (ASIA);;MISSING;http://zeus.dl.playstation.net/cdn/HP9000/NPHO00016_00/OfsyvKxnojrU0FR6AhQHDcBoOCgwce8I8MoRkD5emO3XVBxVrLwVfaGmvmWHytd91nbCJbj624FIjJQL4HIwM09f4k96fFUbXbVaU.pkg;1181264;;;ASIA
EP0177-NPEP00089_00-SONIC4PREMTHEME1;3;Sonic 4 Ep I: Dynamic Theme (EU);;MISSING;http://zeus.dl.playstation.net/cdn/EP0177/NPEP00089_00/QtplAFgesoufIgDknjHLXYOtvDuMwrNtjmgeWfQswkDMzrCsaSttnLrfkyXNgHxN.pkg;3017488;;;EU
HP0082-NPHP00209_00-0000FFXX2THEME01;3;FINAL FANTASY X／X-2 Theme (ASIA);;MISSING;http://zeus.dl.playstation.net/cdn/HP0082/NPHP00209_00/OQqZbHKpcEmScyiKLjuNJfkoDmcFEJOniYKcZtpTFOrNjLIFMYKJbFcGVZAAIcTeaQrNfuGFXNeDIVdRhclHJFPOnMnoUQUQpUxDR.pkg;3021264;;;ASIA
HP9000-NPHO00087_00-0000NEWYEAR0ASIA;3;Dokodemo Issyo New Year Theme (ASIA);;MISSING;http://zeus.dl.playstation.net/cdn/HP9000/NPHO00087_00/OFRvrogiaSUUXWlIYBlYxQkGFIzbLLbuPpPQMCWufNjdtKRJKzAUNZdiQHCQHKDoRgSnzxjKQqsoQgJDErcuhxUuSpdyCYMHWeAhs.pkg;2368160;;;ASIA
HP9000-NPHO00088_00-CNYTHEME00000CHN;3;Chinese New Year LittleBigPlanet™ Theme Chinese Ver. (ASIA);;MISSING;http://zeus.dl.playstation.net/cdn/HP9000/NPHO00088_00/aooYxsdyJeqOLpMkUIaipZcFrntkTuQnxXTSVOlnIOmGankWzAkPnPBSkHcqKPNtIOxsCUzHcyhXdIBhgFwlsNcxfQcxfCNRAoCOY.pkg;2022528;;;ASIA
EP9000-NPEO00144_00-TTHEDARKKN000013;3;Tema di The Dark Knight Rises (EU);;MISSING;http://zeus.dl.playstation.net/cdn/EP9000/NPEO00144_00/FHcoQrUGyiJGfYsIAQfCKVAtfhjNosqHfdIRpYjwhgCcKqRmWLSUOaxaqdsovAUf.pkg;1803840;;;EU
EP9000-NPEO00144_00-TTHEDARKKN000012;3;Tema di The Dark Knight Rises (EU);;MISSING;http://zeus.dl.playstation.net/cdn/EP9000/NPEO00144_00/RxinupSnbWDaZijVrUQVLdFFPWguIYLRPuNhLAqwKOislXDzJErRDnpQEqVNXkXX.pkg;2127200;;;EU
EP9000-NPEO00144_00-TTHEDARKKN000011;3;Tema di The Dark Knight Rises (EU);;MISSING;http://zeus.dl.playstation.net/cdn/EP9000/NPEO00144_00/YCqPnfSkhuYJSalWEmezjVaySXGQHObgGrreLOWjInhCMEUxXMmYKkmKsuAAFgGZ.pkg;2105888;;;EU
EP9000-NPEO00144_00-TTHEDARKKN000010;3;Tema di The Dark Knight Rises (EU);;MISSING;http://zeus.dl.playstation.net/cdn/EP9000/NPEO00144_00/cczTKinkUnHPmcxCQtasmMjCeNtjDZBXZGqAowbgPUxcRctNzVfvlMojJcYBqVxZ.pkg;1717456;;;EU
EP9000-NPEO00075_00-TGRAVITYCR000002;3;Tema dinamico Gravity Crash (EU);;MISSING;http://zeus.dl.playstation.net/cdn/EP9000/NPEO00075_00/pOuiN44uTYLjt1iYYRTD18XW7Qxd0PBDV5jjFSRMsU5w510Ma2l29YbDgk9a2rgKjihtHY2p9HBS7r5FYPEoQCOXsfNKsrDMQRnG1.pkg;2031696;;;EU
UP9000-BCUS98245_00-LBP2PRIUSDYNAMIC;3;LittleBigPrius Dynamic Theme (US);;c7878e1fc47c2947c81af79bf8fa0574;http://zeus.dl.playstation.net/cdn/UP9000/BCUS98245_00/OTPwroHtdTBuqCHAGADGdZQNcztIIdeHSHVqPZLEnvBSNxpPmpasSymgDmTdnGaSnQUJyFtRfWgXOVHMMQorpvXdvkCKiQBvFMGDR.pkg;2134160;;;US
EP0082-NPEP00246_00-TLIGHTNING000005;3;LRFF13: Schlüsselbild-Design (EU);;MISSING;http://zeus.dl.playstation.net/cdn/EP0082/NPEP00246_00/LIHFgHtoxEIupzeqCXHwzLVtGguIJqaHJCPGAcJOYcukIUzxVeTYmrKtpbVuAOLe.pkg;2643392;;;EU
EP9000-NPEO00153_00-TBOOKOFSPE0000DE;3;Wonderbook™: Das Buch der Zaubersprüche Dynamisches Design (EU);;MISSING;http://zeus.dl.playstation.net/cdn/EP9000/NPEO00153_00/CrFdMCygIkiRvEuMHoHAUYpXpBXoAVRcphDJOMaydYpcmmdRQNWjVBsniKzEAwcU.pkg;3394256;;;EU
UP1003-BLUS31024_00-DOOM3BFGSTATTHEM;3;Doom 3 BFG Edition Theme (US);;MISSING;http://zeus.dl.playstation.net/cdn/UP1003/BLUS31024_00/jlaMeVnIcznqhbhtuRbNxHSkQOQMOxBnGShkREzbZUrNrxNenNuWkgnGBGhscqaq.pkg;5680640;;;US
UP0001-NPUB30718_00-EXP2STCTHEME0001;3;The Expendables 2 Videogame Exclusive Theme (US);;MISSING;http://zeus.dl.playstation.net/cdn/UP0001/NPUB30718_00/NEfkUcvLGunUXfGCQXbEGKwMiMcCcZXCerIJZhUZgAQXwvUWykdNmdjhHHwRVTlmuYeTBPMuWASLFNpMWDvxtziicTAgmFAXmhgRY.pkg;5273728;;;US
UP1005-BLUS30841_00-WWE2012DYNAMICTH;3;WWE '12 - Official Dynamic Theme (US);;MISSING;http://zeus.dl.playstation.net/cdn/UP1005/BLUS30841_00/tUwclbvQWFJXVjwutXgTfPiyOwTFYkqnAIcsCyQaeFQlPlVrebECqkvuRcZbkmrpjrJbBbpGXkFmIJnThxsCNRZogBeAnEiMSGJBB.pkg;36647984;;;US
UP0177-NPUB30406_00-TRENEGADEO000002;3;Renegade Ops™ Dynamic Theme (US);;MISSING;http://zeus.dl.playstation.net/cdn/UP0177/NPUB30406_00/UmKaSDYJTFxeQERXCYePcnTkcBtQeuXKtAsoYxQBQAGyHvzBftKGvnFkwqQZBLUJSdSKuhruCNSbxYRFCoQAjtxFGhSzLTEPwTqyn.pkg;5526944;;;US
UP0017-NPUA30073_00-PAYDAYTHEME00001;3;PAYDAY™ The Heist Theme (US);;MISSING;http://zeus.dl.playstation.net/cdn/UP0017/NPUA30073_00/KocUiKYyvvTSdAFUFDhYfXSYqbCyFdwSoEkikqMYPYSuYtoeqXcBBSuGzHaCsTkgVMOjSxYbLqdsCANFxuSCbhoZaOCPttWfrVjYG.pkg;1425952;;;US
UP4049-NPUB30513_00-BACONINGTHEME001;3;The Baconing™ Pre-Order Theme (US);;MISSING;http://zeus.dl.playstation.net/cdn/UP4049/NPUB30513_00/wrEXlecejoPPumIzfZLffaIsOMqhvTyWPHMVhjHwZLvYREGFhxsspfTctyVTyHoPQJUZNOWaeiNKdsDBoVYCsRtGzxitWdaDwoPbM.pkg;1230576;;;US
UP0102-NPUB30301_00-SF3TSOEPSNTHEME1;3;Street Fighter® III: Third Strike Online Edition Theme (US);;MISSING;http://zeus.dl.playstation.net/cdn/UP0102/NPUB30301_00/WIzdTjyaRRhNjeHrlZTMwGOpfbuaNKcCqMyVkbwihXIZpicADIYHYELSqUAHGBIkmibhEUjavnTFOMRHsPqlRJSJiuvHADdCGNWBu.pkg;11812480;;;US
UP1012-NPUB30377_00-BLDRYNBTRYLTHEME;3;BloodRayne: Betrayal Pre-Order Theme (US);;MISSING;http://zeus.dl.playstation.net/cdn/UP1012/NPUB30377_00/ABkhlLByjnqXSKmnzvdHcMuhkPYnrfrivUBMtQcQzFIXIJkkpganehdypXQvOFHhxXszwYUvLuskYcnbJmEPNHzQbGglTkqsIPSeH.pkg;1078800;;;US
UP0177-NPUB30406_00-RENEGADEOPSTHEME;3;Renegade Ops™ Pre-Order Theme (US);;MISSING;http://zeus.dl.playstation.net/cdn/UP0177/NPUB30406_00/kSVQXHFMNvwLFCEffryKurCZtRSYKBGEXPvPqIqdNJpUxBGFzyftSgnHMSfReiHKvKPUvTwxBfMdYsyOPOXZiTqwRlfalCIDZsCUn.pkg;1172528;;;US
UP9000-BCUS98234_00-KZ37ELEVENDYNA01;3;KZ3™ 7-Eleven Dynamic Theme (US);;MISSING;http://zeus.dl.playstation.net/cdn/UP9000/BCUS98234_00/JyzbjfUXNvKGOXZHEBvCingumaHHwGrgfrGGdXxCZKPEObMfgQFiRSdXwNBGWFEsBYapCvBQzwjIPFAUqbywHIhjtdymsVvTvEwJe.pkg;5312288;;;US
US0027-NPUP00044_00-SPARTABLOODSAND1;3;Spartacus: Blood and Sand Dynamic Theme (US);;MISSING;http://zeus.dl.playstation.net/cdn/US0027/NPUP00044_00/YPaWe5LvdEQ8TiiJ65DSCluwxBKdcohhXmk5xV4rxlhPaE5eJ7SqOxfpcA8K8GMTlYMFXn37XsswwwDR94OHw26fckvM9Lxu1tVAd.pkg;29446560;;;US
UT0001-NPUP00001_00-GHOSTSKULLS00001;3;Ghost Skulls Theme (US);;MISSING;http://zeus.dl.playstation.net/cdn/UT0001/NPUP00001_00/y1XCljD6kBmqFQcjMPrwLenOTE6iKTBLMrRmqMsruMBhOKhb9xtHrqSitXpEKTw7pqBU8YufDAfMm1c3IXK0TX42AMM83HKS97a5I.pkg;5055472;;;US
UT0001-NPUP00001_00-CHINESEFIGHTING1;3;Chinese Fighting Dragons Theme (US);;MISSING;http://zeus.dl.playstation.net/cdn/UT0001/NPUP00001_00/bFJs0KboYGuabuPCCeXUx746NLmlef3LaIk6eq4kfkW1Qo5XxWot7Nyk31DivITsooC6NS4vxGCQDjIoTeKy3tvDj0uXq4DYcTCKs.pkg;6349024;;;US
UT0016-NPUB31854_00-THEMEPS3UX000165;3;UNKNOWN TITLE (US);;MISSING;http://zeus.dl.playstation.net/cdn/UT0016/NPUB31854_00/UT0016-NPUB31854_00-THEMEPS3UX000165_bg_1_1828503f677d7ccec8df074c4d9d60a1b899e323.pkg;975840;;;US
UP1063-BLUS30181_00-PS03700000000204;3;Disgaea 3: Absence of Justice Kogure Custom Theme (US);;MISSING;http://zeus.dl.playstation.net/cdn/UP1063/BLUS30181_00/rwxiM7Pxvlq1SYuH4BljtAJRqjM0Iym5xYCHjCelmP9w5gfuE2V4nXeUMjqRyeInG924ih1XaRq23M20pDAMTYo2TceADM0wecBVF.pkg;1764976;;;US
UP1063-BLUS30181_00-PS03700000000202;3;Disgaea 3: Absence of Justice Pram Theme (US);;MISSING;http://zeus.dl.playstation.net/cdn/UP1063/BLUS30181_00/PvVnXmmybJWG9E1Yb0BwRvs7YdYotefHsfuYvlbSHBSY8pgdA5Pxtv6t4JM3q0ESyJp8WFlU6TfwtcmKoIqynJYb0jVGHpAimJ9qw.pkg;2059856;;;US
UP1063-BLUS30181_00-PS03700000000201;3;Disgaea 3: Absence of Justice Disgaea 2 Main Character Theme (US);;MISSING;http://zeus.dl.playstation.net/cdn/UP1063/BLUS30181_00/itCSNVJWww6v1LBGfibUFU8NI0YWIaGYCYcAtf4pc8sMBrJE0n8UVjSSsY4gjFOeq8TBj1sbo5GKJdmyN8cwFX24HP5G8VUWvSrBO.pkg;1444592;;;US
UT0001-NPUP00001_00-DP1ABS1DIVINELIG;3;Divine Light Dynamic Theme (US);;MISSING;http://zeus.dl.playstation.net/cdn/UT0001/NPUP00001_00/qOffDiQOFeMwutnnrQanUIlcrgoPxjBoqqgPHrYUBFaPXwRIhkKxADXsceaynIGmbKJyhnBQuikoZuhhuvqqvBYzQJzbQdzYaHjcb.pkg;9612400;;;US
UP9000-BCUS98181_00-STARHAWKBTATHEME;3;Starhawk Solo Campaign - Free Theme Beta Test (US);;MISSING;http://zeus.dl.playstation.net/cdn/UP9000/BCUS98181_00/YyGzMiculdnopUqCQRwIVPSYTpptpajuzQqjURKfYUwySZMvDaKUhhgggtuvpIfPaaVCYZjilCWxdtauzMwBWjStvOEIUGoLYEnoy.pkg;1738896;;;US
JP9002-NPJQ00046_00-PSPLUSTHEME15006;3;PlayStation®Plusスペシャルテーマ7月分(PS3®) (JP);;MISSING;http://zeus.dl.playstation.net/cdn/JP9002/NPJQ00046_00/JP9002-NPJQ00046_00-PSPLUSTHEME15006_bg_1_2ca9aa43d857db02d5fd4a764d15f032127255cc.pkg;1699536;;;JP
JP9002-NPJQ00046_00-PSPLUSTHEME15002;3;PlayStation®Plusスペシャルテーマ3月分(PS3®) (JP);;MISSING;http://zeus.dl.playstation.net/cdn/JP9002/NPJQ00046_00/JP9002-NPJQ00046_00-PSPLUSTHEME15002_bg_1_0562d77cabc12353c135b87873afca69ef250c27.pkg;1940512;;;JP
JP9002-NPJQ00045_00-PS30000000000000;3;PlayStation® Awards 2014 (JP);;MISSING;http://zeus.dl.playstation.net/cdn/JP9002/NPJQ00045_00/XzBvJIludhwZyGdbguKxpKMpKXWbTpJsifPFfbrwzyZuvGKgLOFfqzDLgEyPGaLTajVfWYMnhVdNiDXjyxnjVKEBpbRjNfRjufpah.pkg;1694016;;;JP
JP9002-NPJQ90038_00-PSPLUSTHEME14008;3;PlayStation®Plusスペシャルカスタムテーマ8月(PS3®) (JP);;MISSING;http://zeus.dl.playstation.net/cdn/JP9002/NPJQ90038_00/ggsDhngYKITozjERIvZfoNOzjFzmQSGoksZlavvEXKjDSVxIMaeNnXtDsxNkMALrNEtqsJktUuCggcqDAPufbokvzSyFwTPtmZFAv.pkg;1859664;;;JP
JP9002-NPJQ90038_00-PSPLUSTHEME14007;3;PlayStation®Plusスペシャルカスタムテーマ7月(PS3®) (JP);;MISSING;http://zeus.dl.playstation.net/cdn/JP9002/NPJQ90038_00/hpWgnYanxywtWrjKzybEFbpvAuUXfkNNdWDZrToAjwOmXWidHmrDjiUlORtpEjBPhcljyyMFUGCpBbFbKvBdAukAFVZznpcdzRTqa.pkg;2077696;;;JP
JP9002-NPJQ90038_00-PSPLUSTHEME14003;3;PlayStation®Plusスペシャルカスタムテーマ3月(PS3®) (JP);;MISSING;http://zeus.dl.playstation.net/cdn/JP9002/NPJQ90038_00/sfpWRrtDVOlRNCieBfKaVCosVaMxZoOnCluCPgIPBKFaVGmDbksbXbCaREpgPCIodncuVzUsxmzUpUAhyndIQJZccifeBMHrgzfgN.pkg;2388160;;;JP
JP0082-BLJM60558_00-LRFF13PS3THEME00;3;LRFF13:Vジャンプ特典 (JP);;MISSING;http://zeus.dl.playstation.net/cdn/JP0082/BLJM60558_00/fGvhsUGzOHznpanAUHzHJJeCJGyGPVGKHqJiVpdMJrGtGZTWumVfpLnVmSIuZxWxAVUkMZulmiCIhFiNSCGxKFqLfuAgXybVidVIU.pkg;5232848;;;JP
EP9000-NPEO00126_00-TRESISTANC000001;3;Survivor Theme (EU);;MISSING;http://zeus.dl.playstation.net/cdn/EP9000/NPEO00126_00/TaBKysNhjFCEXtByTyuFtKAemteCSFNFmRYgVSYZmFBaHPHQtfQceQrswJqBXRjy.pkg;3038960;;;EU
EP9000-NPEO00126_00-TRESISTANC000002;3;Brutality Theme (EU);;MISSING;http://zeus.dl.playstation.net/cdn/EP9000/NPEO00126_00/QlsrIOoluvCwKGBTrHzdCNdFFrEzNeiEGskihyCdMeVXRWBKTyJyZIBHFHvnvAOP.pkg;4001584;;;EU
EP9000-NPEO00136_00-TTHELASTOF000001;3;The Last of Us™ Dynamic Theme (EU);;MISSING;http://zeus.dl.playstation.net/cdn/EP9000/NPEO00136_00/hTTcJdGsSsXKQLqqCAigOYyyNpSNuzuFtEzgDwdVUiEyVmhYinNEZAoHWDGqGjjb.pkg;6978336;;;EU
EP9000-NPEO00113_00-TSTUDIOOUT000067;3;Christmas Advent Calender Dynamic Theme (EU);;MISSING;http://zeus.dl.playstation.net/cdn/EP9000/NPEO00113_00/coKuswuLbmTOqvDfStWhdfRLFywvSHXFmsEZlVWUWFwTMYXsuzwrrPGhGGilsZwo.pkg;27342992;;;EU
JP0102-NPJB00195_00-THEMEOKAMI000001;3;大神 ダイナミックカスタムテーマ 1 (JP);;MISSING;http://ares.dl.playstation.net/cdn/JP0102/NPJB00195_00/dpWoHBYISkxouhUwVNdYQUlOoAYjWdqlEkIHGgkRgivxyLPPQOJfYhEwljZDRtYNQnfxtTHWqNQfZPuiphVDPANLbGcywEXOpeGZe.pkg;1358496;;;JP
JP0700-NPJB00331_00-JOJOASBLETHEME01;3;JOJO’S BIZARRE ADVENTURE ALL STAR BATTLE DIO'S Theme (JP);;a31aacf5564bccf501dbefc45ec41536;http://zeus.dl.playstation.net/cdn/JP0700/NPJB00331_00/XySBAxZnIRfZMbSrwleYkyWvWmIqTaPOmJWwQanJRzAHTukJgrrFqTYaqlCbCbIcFwZPtELZxNtTBKIGQbsOueYDUgqytrdIcqIgD.pkg;2631008;;;JP
JP9002-NPJQ90038_00-PSPLUSTHEME11005;3;Abstract Shapes ダイナミックカスタムテーマ (JP);;MISSING;http://ares.dl.playstation.net/cdn/JP9002/NPJQ90038_00/TLTvtpZkZVjwaenicSbVPQCYZUyzaoKvvRoyKaIAGMgCvMNSxvdSWBknvmCBCtVmjlWRmVLiEhpDANbhZukKCwrcAPlpMmnzRYqUi.pkg;1867072;;;JP
EP4062-NPEP00304_00-TPERSONA5X000002;3;Persona 5 - Ryuji Sakamoto Special Theme (EU);;MISSING;http://zeus.dl.playstation.net/cdn/EP4062/NPEP00304_00/EP4062-NPEP00304_00-TPERSONA5X000002_bg_1_e51a2c82cadfe92ae9d598da15145cf1f16125fb.pkg;1391440;;;EU
JP0393-NPJB00179_00-THEME00000000001;3;萌え萌え大戦争☆げんだいばーん＋＋　（ぷらすぷらす） カスタムテーマ (JP);;MISSING;http://ares.dl.playstation.net/cdn/JP0393/NPJB00179_00/FoVpgRoYYPAaDmbtmuySqyYmhFXNOZtEqCeWASiFFSRQwBPoJuPwyoqjOZZSYWdjOmfVIViVemNInPSmMHbpcOLiFBWEvlHRQhySd.pkg;4887104;;;JP
JP9000-NPJQ90011_00-0000000000000001;3;「亡念のザムド」オリジナルカスタムテーマ (JP);;MISSING;http://zeus.dl.playstation.net/cdn/JP9000/NPJQ90011_00/wuleb87buc3KaCfvmACmnlAQyH7OsKkQhH40LwChWRVD3QRl0kNHUbbKEfftHSjnaupqEUOOIgGQj6m4itt3lgSQ5u4V6nMiDfI1c.pkg;1570608;;;JP
JP0404-BLJS10095_00-DISGAEA400000054;3;テーマ配信：第６弾記念 (JP);;MISSING;http://ares.dl.playstation.net/cdn/JP0404/BLJS10095_00/zKykpsWiFJTNfBsRtulGgAEJRpruIFYZKxTraCvakByTfFBqxhGfagTXjiCbVCpsfxgMcKGKDYehsVoKDTLzGizesgiZGKzFjsXyU.pkg;2050592;;;JP
JP0404-BLJS10095_00-DISGAEA400000063;3;テーマ配信：第７弾記念 (JP);;MISSING;http://ares.dl.playstation.net/cdn/JP0404/BLJS10095_00/jlwviuxigNZzpUGYptnHxZgOKXtdjTrhnebkzpfnFlUWavIPSLaQUuYOyUXhrEVjViEkQjeBqTwyuFCICtNYppVvrpVqVVOWyTWNF.pkg;1050080;;;JP
JP0404-BLJS10095_00-DISGAEA400000036;3;テーマ配信：第４弾記念 (JP);;MISSING;http://ares.dl.playstation.net/cdn/JP0404/BLJS10095_00/SarlQbgPpmKLRbKpRkZDSEDwbvTZLiTqzGePiaSrlHGYENadPnftWKmFUryjwdnKwACQTzZBsXfqkqAYIhaZepoYmXHmeZmiRRbeN.pkg;2211760;;;JP
JP0404-BLJS10095_00-DISGAEA400000046;3;テーマ配信：第５弾記念 (JP);;MISSING;http://ares.dl.playstation.net/cdn/JP0404/BLJS10095_00/kDOwXugbmCOEzAYgXAdLXcevSYlASuqMIccrFVinFGIDMmhmuSDQygYjtNmykGydsowKpZRLBvrFjiXYwACLJCBiOpOptqTsfqaZq.pkg;1584192;;;JP
JP0404-BLJS10095_00-DISGAEA400000013;3;テーマ配信：第１弾記念 (JP);;MISSING;http://ares.dl.playstation.net/cdn/JP0404/BLJS10095_00/McIRjcqDqzHRQadMpKDunaffLwrrlUwqmVptjHFkmdwLCgshGbmClShkCxUrkFnvFKSPdrkxKdBeqRzfBszpGFPzoaSYWSpRcAQdR.pkg;1561984;;;JP
JP0404-BLJS10095_00-DISGAEA400000029;3;テーマ配信：第３弾記念 (JP);;MISSING;http://ares.dl.playstation.net/cdn/JP0404/BLJS10095_00/qlRbOmWtjYybMAHGxpOsVJNHZMnYBvqdDExxMnsGXfRkLJlFjZkuENBxPHGNklnbGfnuxIsKsUOgaSLtwYqpxtEAhqyDnqVoBbLhK.pkg;2415952;;;JP
JP0404-BLJS10095_00-DISGAEA400000021;3;テーマ配信：第２弾記念 (JP);;MISSING;http://ares.dl.playstation.net/cdn/JP0404/BLJS10095_00/buMHRTfFgfzAnMZiAbaISuRZJCFwjFJZteFHBVrOeyKipaPfbPQToGyBuTcDqCzOyWaSJpyoSpvjSZynSFIsVnTYAWmJLhriWkOyf.pkg;1812032;;;JP
JP0700-BLJS10188_00-PS3XILLIA2THEME0;3;「テイルズ オブ エクシリア2」初回封入特典　カスタムテーマ (JP);;MISSING;http://zeus.dl.playstation.net/cdn/JP0700/BLJS10188_00/udApSlfWEtuJMaQtnaqWnNOQZenvbTGpwILnTDkOzYXIGqqVtMXYftIpUABSyhSAqdiQayiVtyYpIyGpRbUECQqSBsKLjLNPygNiM.pkg;38100048;;;JP
JP0048-NPJH50412_00-AKIBASTRIPTHEME1;3;Akiba's Trip Theme 1 (JP);;efb196c06937f40a8660aabeda8720ff;MISSING;0;;;JP
UP4235-NPUB31497_00-THEMEPS3UX000135;3;The Treasures of Montezuma 4 (JP);;MISSING;http://ares.dl.playstation.net/cdn/UP4235/NPUB31497_00/UP4235-NPUB31497_00-THEMEPS3UX000135_bg_1_79fbe768e56f9bf04f4531522dd6d3a20278123e.pkg?product=0084&country=jp;7583264;;;JP
JP9002-NPJQ90030_00-CUSTOMTHEME00000;3;GAME DIGGIN' × 俺の料理® スペシャルカスタムテーマ (JP);;MISSING;http://zeus.dl.playstation.net/cdn/JP9002/NPJQ90030_00/pAAHEx3P5BfOOpNX2QxL73jOaAVnQNfG1hA3bEo7F4iNj0wPqmCOSh8dUE1YHgcuJLtv1fr7ksWDK90evsS5q4Q93PpaNkCE4VQEQ.pkg;1549296;;;JP
JP0404-BLJS10011_00-PS03700000000052;3;ラズベリル編配信記念 (JP);;MISSING;http://zeus.dl.playstation.net/cdn/JP0404/BLJS10011_00/t2xLhNsbwDfFO4YkweYXV6XSjvQSMiUD0S3qvT3t6P5dMI8pilBFnbxq5yKoyTMcetJ3X04OUVGX2xHOfbiuyhy81xWulHYAbMQYu.pkg;2070192;;;JP
HP9000-NPHO00064_00-000HALLOWEEN2010;3;Halloween 2010 Theme (ASIA);;MISSING;http://zeus.dl.playstation.net/cdn/HP9000/NPHO00064_00/YcBhUHb71AOEIASUR3WHxwHshG8DNsJjj6nflRtlokCidov4Obu39d7o22nqJYsP4r72Dc7Rg5SuBwC82besAP7bfY0uYhsM5qLe4.pkg;835680;;;ASIA
HP9008-NPHO00062_00-015THANNIVERSARY;3;PlayStation® 15th Anniversary PS3™ Theme (ASIA);;MISSING;http://ares.dl.playstation.net/cdn/HP9008/NPHO00062_00/SecugP2u9VoWLGdkrCSq2pWwoNyPS3G0usd8XqejDr9S4HWnjXqCEcSxQhLOibWrQBFYo4e91sWdo2fEhTOrWDRRdV8MYEwUoU2jX.pkg;650352;;;ASIA
HP9008-NPHO00102_00-LAVA200000000000;3;Lava Dynamic Theme 2 (ASIA);;MISSING;http://zeus.dl.playstation.net/cdn/HP9008/NPHO00102_00/ofvYwSBvwtqzfezAlOOxBhdFzFFwMjPnSxCzVNiQnVQEWuikcPggXvkrzROYjiBjhOSbYsulBSRXXelqJwelgQsbJCSGKxgkEOBLY.pkg;1193552;;;ASIA
HP9000-NPHO00098_00-ABSTRACTTHEME000;3;Abstract Art Dynamic Theme (ASIA);;MISSING;http://zeus.dl.playstation.net/cdn/HP9000/NPHO00098_00/lBqHSsUXKWMJWpnCWAwmdNRaZgMvwtyZLhzXKqSPxmQnmgMbdLDvVbmOCtLAuBoPEjVjXPqzCFZfUYQLWIqHSzKmZVfpcOSOhsbel.pkg;1088816;;;ASIA
HP9008-NPHO00102_00-LAVA100000000000;3;Lava Dynamic Theme 1 (ASIA);;MISSING;http://zeus.dl.playstation.net/cdn/HP9008/NPHO00102_00/OLXdKBtPyClcDMqCyehEsPDvLKwjapIaxyfZYzmJKwPXNWemOrsQWbBtnvgBheNhdNlVUjxjAFXGjAlGIKRgEuSYhmynqMbdKNIon.pkg;1138464;;;ASIA
HP9000-NPHO00099_00-CLOUDTHEME000000;3;Clouds Dynamic Theme (ASIA);;MISSING;http://zeus.dl.playstation.net/cdn/HP9000/NPHO00099_00/pMzTsDfLNiLrcukJgHETABxMqwAGHFEcHmovZyOtJtQDZNmtfZBHLtmsoVLUoyyZLsXELodxwrRmUYBjvSalqanfJmaMukGTNplnD.pkg;2857472;;;ASIA
HP9000-NPHO00090_00-KILLZONE3DTHEME1;3;Killzone™3 Dynamic Theme (ASIA);;MISSING;http://zeus.dl.playstation.net/cdn/HP9000/NPHO00090_00/qGxQMDtPJmyjFYSaxZCaHrVXBuAyuKPzyROwiMBsJtEZKtelgbVsAtNCCKDlcXxxsiTLJHljSrjxNiEMfgdTeSBeizYGFfvKgjDBs.pkg;2932160;;;ASIA
EP9000-NPEO00106_00-SARUTHEME0000001;3;UNKNOWN TITLE (EU);;MISSING;http://zeus.dl.playstation.net/cdn/EP9000/NPEO00106_00/lmXnjIfvZtJGHvbEparhMtmldHrMFvYbpfnIgkirlmpLFvAwzrcLQaBHExLsIiOC.pkg?product=0087&country=gb;3383072;;;EU
UP9000-BCUS98114_00-GTACADEMYTHEME01;3;GT Academy Theme (US);;MISSING;http://zeus.dl.playstation.net/cdn/UP9000/BCUS98114_00/hXtkmiFUkQKYVjYpWeigecrtbdCOCLKediBeTeUpWrCAfiZiasASjqvkWtgAzCZztfeuGqnldVFERCRCJRagvrxaOfZKFnVJIdxlZ.pkg;1884912;;;US
UP9000-NPUA98245_00-LBP2THEME711DT01;3;LittleBigPlanet™ 2 Slurpee Dynamic Theme (US);;d489ad7768b18bc57f3f22c1aada57b2;http://zeus.dl.playstation.net/cdn/UP9000/NPUA98245_00/zPoAcqadsROThAXBflqQyeYngiZJmrLjnvDBiCMkGIkzRvaieUlGTnsAhraoLdCqoTqQUgKnFbhkjBOtWPuNfRswmcfYoGrHgqXpO.pkg;3606288;;;US
UP0102-NPUB31552_00-REHDTHEME0000000;3;Resident Evil Theme (US);;MISSING;http://zeus.dl.playstation.net/cdn/UP0102/NPUB31552_00/GEubSqhUhUpbXtSsKQJKmJjRsRGBfSaavQtaJEtUVDjGlYcEHyILfVSsXsbDGDia.pkg;2274944;;;US
JP0700-NPJB00671_00-DBXVTHEME0000003;3;DRAGON BALL XENOVERSE 攻略本特典カスタムテーマ(1) (JP);;MISSING;http://zeus.dl.playstation.net/cdn/JP0700/NPJB00671_00/JP0700-NPJB00671_00-DBXVTHEME0000003_bg_1_8243ff3b4759101e9ea15668cd7d529d77d4b225.pkg;1661248;;;JP
JP0700-NPJB00671_00-DBXVTHEME0000004;3;DRAGON BALL XENOVERSE 攻略本特典カスタムテーマ(2) (JP);;MISSING;http://zeus.dl.playstation.net/cdn/JP0700/NPJB00671_00/JP0700-NPJB00671_00-DBXVTHEME0000004_bg_1_544315c2b956c25593e940e34276fd3a59ea858a.pkg;1790176;;;JP
JP0700-NPJB00671_00-DBXVTHEME0000005;3;DRAGON BALL XENOVERSE 攻略本特典カスタムテーマ(3) (JP);;MISSING;http://zeus.dl.playstation.net/cdn/JP0700/NPJB00671_00/JP0700-NPJB00671_00-DBXVTHEME0000005_bg_1_e641fb0f5cc348847abe6d2a197bfd54fdc888f3.pkg;1486736;;;JP
JP0700-NPJB00671_00-DBXVTHEME0000006;3;DRAGON BALL XENOVERSE 攻略本特典カスタムテーマ(4) (JP);;MISSING;http://zeus.dl.playstation.net/cdn/JP0700/NPJB00671_00/JP0700-NPJB00671_00-DBXVTHEME0000006_bg_1_548b6f6940d76a5b239ff345f4a924e51d9097c1.pkg;1795216;;;JP
JP0700-NPJB00547_00-WJ45JSVVSPS3CT04;3;Jスターズ ビクトリーバーサス「ジャンプヒーローズバイブル スペシャルカスタムテーマ③」 (JP);;MISSING;http://zeus.dl.playstation.net/cdn/JP0700/NPJB00547_00/QjIRQQLJbhtrVxqRchdjkmxkvxWlMuzhgJxqPXLquxzuHHHQcRAzmOwVzoCBwZWWSDegKKlIIIsvfVAVfQrHHlQhXjfmrpGAdJJuV.pkg;1528800;;;JP
JP0700-NPJB00547_00-WJ45JSVVSPS3CT03;3;Jスターズ ビクトリーバーサス「ジャンプヒーローズバイブル スペシャルカスタムテーマ②」 (JP);;MISSING;http://zeus.dl.playstation.net/cdn/JP0700/NPJB00547_00/ChoGfqQWtPHrWPlRfOtyEYBzFvJuTTMCwEZpayptOlOqrdYAzpzimvXljgVZNaZwYazsJliagANOlCHDwVeJjWvSOoaWXqeGEqrKQ.pkg;1844992;;;JP
JP0700-NPJB00547_00-WJ45JSVVSPS3CT02;3;Jスターズ ビクトリーバーサス「ジャンプヒーローズバイブル スペシャルカスタムテーマ①」 (JP);;MISSING;http://zeus.dl.playstation.net/cdn/JP0700/NPJB00547_00/RQSFIlAojcLBFggdfgVTfHpBtRsedDfHxMQilqLgcWmZXlBAQXuqqvIkIBORpWTuecyfjXjOVBsbiFAPPWKSpqYvTZnLlmAxgIMcy.pkg;1723184;;;JP
JP0700-NPJB00547_00-WJ45JSVVSPS3CT06;3;Jスターズ ビクトリーバーサス「ジャンプヒーローズバイブル スペシャルカスタムテーマ⑤」 (JP);;MISSING;http://zeus.dl.playstation.net/cdn/JP0700/NPJB00547_00/FGaULVKBoMxiHQygdjxvelpmNzDQsCFmZnxsdELsqbRvLiWGQXvBlVRyJxzezbuVzmnGSgHllbWpuSeJiPXRGlrqjxbwtObSUQrHH.pkg;2034288;;;JP
JP0700-NPJB00547_00-WJ45JSVVSPS3CT05;3;Jスターズ ビクトリーバーサス「ジャンプヒーローズバイブル スペシャルカスタムテーマ④」 (JP);;MISSING;http://zeus.dl.playstation.net/cdn/JP0700/NPJB00547_00/CyliykngNoYRUBlXRSAWDzXTamxHNztbQbJCgYSGKJfaYzluavtJcZjVQgcQuqzbFSSChawUogDheBzcoygtlUfJJensuQZamWPll.pkg;2025008;;;JP
JP0700-NPJB00450_00-SAINTSEIYABSCT09;3;聖闘士カスタムテーマ09 (JP);;MISSING;http://zeus.dl.playstation.net/cdn/JP0700/NPJB00450_00/EoTrJjLoQsvODJuIoAvbJCGfwloHPseOZIYEfUGgJIfrSTWtNLXleddGzeooNsIrVgETofEQLcfOVPKpNfeLEhlAYxZxwjYSVtzSj.pkg;2119792;;;JP
JP0700-NPJB00450_00-SAINTSEIYABSCT10;3;聖闘士カスタムテーマ10 (JP);;MISSING;http://zeus.dl.playstation.net/cdn/JP0700/NPJB00450_00/kAQEHebCTIrRkQsSnyQBJbAtSLoahJaOGTCyAEZoOYvmZBQAvhyjBFnLFWIdUknmoCHoRsIoFmXsRGRCvChyvYCVUxpTgFJENVOGi.pkg;2048528;;;JP
JP0700-NPJB00450_00-SAINTSEIYABSCT08;3;聖闘士カスタムテーマ08 (JP);;MISSING;http://zeus.dl.playstation.net/cdn/JP0700/NPJB00450_00/MWDfLrbPtGPhpUQDRLhtiVPutSfQhPALGJWmyriSwQpjuNRYtGmyuZaJoyRSbTLBwHxTvHhRypAmjVMuMNbvuKshIQZfOGJxStiTZ.pkg;2282720;;;JP
JP0700-NPJB00450_00-SAINTSEIYABSCT07;3;聖闘士カスタムテーマ07 (JP);;MISSING;http://zeus.dl.playstation.net/cdn/JP0700/NPJB00450_00/myWLoFWALqBvHQzrUiVKpocmodGnXGCSekLWUDCZIfqBwaCwKtDdnnMfManeIwBROvgEvTadsLyJXQbIcuXGveMYEvIWeqzUbahCH.pkg;2558720;;;JP
JP0700-NPJB00450_00-SAINTSEIYABSCT06;3;聖闘士カスタムテーマ06 (JP);;MISSING;http://zeus.dl.playstation.net/cdn/JP0700/NPJB00450_00/BhJuMbOQsDlBeiSMDPeNpOPcKNogvgDxWXrgjndqRWfTDBqAOGlOoeBxIsvXKvRxyNLSpQbRFfXKNZdqItzMyvHjowiBWzKRmiKRn.pkg;2621280;;;JP
JP0700-NPJB00450_00-SAINTSEIYABSCT05;3;聖闘士カスタムテーマ05 (JP);;MISSING;http://zeus.dl.playstation.net/cdn/JP0700/NPJB00450_00/WvbyJhMpiQVQFbcWVnsTKEsItfRBeQruDiAqKlxKbjGKAkMpXOvuNPzdpUUETaDuQkCqUwchbDrdcvzQZUUuPbFAYlRnALxKSrDwe.pkg;2471584;;;JP
JP0700-NPJB00450_00-SAINTSEIYABSCT04;3;聖闘士カスタムテーマ04 (JP);;MISSING;http://zeus.dl.playstation.net/cdn/JP0700/NPJB00450_00/aOKTrzqLsTjwLhCytzbLROYcLIgrDsHwqPpuQlXTKmKuCbWxErcVpBvuTTWAnNuZRwRIcoWBGODmsrlrHsLqRfYdkkiyHBFqmxEQf.pkg;2484912;;;JP
JP0700-NPJB00450_00-SAINTSEIYABSCT03;3;聖闘士カスタムテーマ03 (JP);;MISSING;http://zeus.dl.playstation.net/cdn/JP0700/NPJB00450_00/GQOLnbjhzzpJmKCoiMfyQAEVdeJHluCIBkeTGIXdclaaCvGCEyzPoYLtGpHHbpHvWAlMEMkwDAhbmTmAKiIqvbXMeYjLfQaRgoGkQ.pkg;2481168;;;JP
JP0700-NPJB00450_00-SAINTSEIYABSCT02;3;聖闘士カスタムテーマ02 (JP);;MISSING;http://zeus.dl.playstation.net/cdn/JP0700/NPJB00450_00/MvXkWAtuThQIQVKcryzfGKjJZYVyXKNZbEhnGWMtClmwnwWkRGBHKrsuTjPIoUeuTkoNpgAYIlHMopuxfRgwfYEFKuEYksDTOBJRK.pkg;2198144;;;JP
JP0700-NPJB00450_00-SAINTSEIYABSCT01;3;聖闘士カスタムテーマ01 (JP);;MISSING;http://zeus.dl.playstation.net/cdn/JP0700/NPJB00450_00/zglxaXFqhrplFgLBjVkxHRKWjiPMwyZvGeONTflyvQxCtQMTwHhOpfXTqinNDBVevjSFxLMgCyjChpiGXKvukaGRKhTjEurSJODHi.pkg;2410016;;;JP
JP0738-NPJR90018_00-ASTHEME000000042;3;エンジェル戦記カスタムテーマVol.42 (JP);;MISSING;http://zeus.dl.playstation.net/cdn/JP0738/NPJR90018_00/kdcpWzpOrJdBQjhLaHhlAstmLLbvBEaQkzSzkUleqyutftSjpQmjzQLOfiYlZFTBkCBssZzwNGscBieMxnejoLnhRDMZlpllNwTUi.pkg;1558480;;;JP
UP0102-NPUB90391_00-THEME00000000001;3;Mega Man™ 10 Dynamic Theme 1 (US);;MISSING;http://zeus.dl.playstation.net/cdn/UP0102/NPUB90391_00/SA9yw1IpUs9oTjjxq9h4AQWdvqG0gGw3UaShNO20E28CU2WkbnTAkaEBatCxoouCnPR0O347vcemFm4lSNApwVUhvU8niAQUIc73i.pkg;345360;;;US
UP0082-NPUB90462_00-INFINITYCTTHEME1;3;SPACE INVADERS INFINITY GENE XMB™ Theme 1 (US);;MISSING;http://zeus.dl.playstation.net/cdn/UP0082/NPUB90462_00/eFkvWJxTNIqKNY64JmcJJB1aCE8Ptbc2CJdkbSpx0M1CDIgJIYIscTaMhoKuwU0midCEC3P7To4TDmfJdUIk9J1B2T4nuIw0vGBAY.pkg;4575136;;;US
UT0001-NPUP00001_00-ROADTOCHINATHEM1;3;Road To China Theme (US);;MISSING;http://zeus.dl.playstation.net/cdn/UT0001/NPUP00001_00/B6BGcmk31JM0cH4hsvrkfG1mH3F4LWxyeXHf5omtEf6lwf2lLIoPExP0gr824FcTHvxSk0hlwJvv9cVjledxdubikxcYmYyRT81R2.pkg;6014000;;;US
UT0001-NPUP00001_00-ATOMICACIDTHEME1;3;Atomic Acid Theme (US);;MISSING;http://zeus.dl.playstation.net/cdn/UT0001/NPUP00001_00/cV7P0UXKRPV2my6F6vp8m1GcnRjOODaU7Eg3sj4IfdjFG7xCPUOuM2eYSbXIoSIMGGM4JLWUkeEe6fo5jcvYJ4X713fgXMof3gLJg.pkg;5664816;;;US
US0032-NPUP00056_00-FORDFOCUSRALLYAM;3;Focus Rally: America Dynamic Theme (US);;MISSING;http://zeus.dl.playstation.net/cdn/US0032/NPUP00056_00/pXphRXTWfkyXhGuqlnIhxGGQsVTTveYilKgYKPLcDuUzJFNRwbZKrxcchwEitbiNpmMbBwXFxDvfyClXHDRvFYSGHMjFInkUYzlDP.pkg;1375984;;;US
UP4332-NPUB30552_00-TBEATHAZAR000001;3;Beat Hazard Ultra - Galactic Fire Theme (US);;MISSING;http://zeus.dl.playstation.net/cdn/UP4332/NPUB30552_00/azWoqUKFsZGrUlOpxrNjFEGxPZKUFQXuTwpBXyTIUBIpMnlQhDZtQxDGpfUjPIfsKYEiZCaOiaTTBkBViIRsoeEfOBsGdnDiZFBrJ.pkg;3193120;;;US
UT0001-NPUP00001_00-DP1CLK1PARTICL0C;3;Clock: Emerald Dust Digital Dynamic Theme (US);;MISSING;http://zeus.dl.playstation.net/cdn/UT0001/NPUP00001_00/UpeOgkqPJHcosWmqCJxOycqkNEzTkTVunKQIEpylJnMLjBhcxpzlAprCQEfSbwPAJpYlwnVytMECBxukUSptpWCaFxtgtkjsLCJij.pkg;5522816;;;US
UT0001-NPUP00001_00-DP1CLK1PARTICLEC;3;Clock: Dancing Particles Digital Dynamic Theme (US);;MISSING;http://zeus.dl.playstation.net/cdn/UT0001/NPUP00001_00/UHcXwQVsfsKymEJCRxzBbZxStqLCzIVPcEaqUpwPmVzLkHnhaXByXFhhamqQFvvizmHvZsLLgEcpJgsTgygfGmszbmUmsyCgPuivK.pkg;5522624;;;US
UP4312-NPUB31721_00-DYNAMICAIKOTHEME;3;AIKO DYNAMIC THEME (US);;MISSING;http://zeus.dl.playstation.net/cdn/UP4312/NPUB31721_00/UP4312-NPUB31721_00-DYNAMICAIKOTHEME_bg_1_dfc8877dd3e9cd1eb101ef5ccb2e8232c7f89c05.pkg;9495920;;;US
JP0700-NPJR00031_00-PS3SUMMO40000002;3;サモンナイト4 発売記念キャンペーン カスタムテーマ (JP);;MISSING;http://zeus.dl.playstation.net/cdn/JP0700/NPJR00031_00/NJNqCPpmpaLXJSyQmtGABQxVodfwdWQSDEcUvxeCNsxLvWiguUJLXgeCkmtEWZeHNoyPfHTqSZdUGYNgkWXiWsbgZAlniqQPtGFIT.pkg;1357872;;;JP
JP0031-BLJM60444_00-FREETHEME0000001;3;発売記念テーマ (JP);;MISSING;http://ares.dl.playstation.net/cdn/JP0031/BLJM60444_00/gbHKWFOwawSxkLPFFyuwmDziIlnjzdxFMwDCqqDlAkOaCcJCqIrAEOOqYUwoZvxoHTSfEdbxVZlZvEjiRINMGDKlyGQsMmdOQmkBm.pkg;3300480;;;JP
JP0031-BLJM60444_00-FREETHEME0000003;3;カスタムテーマ「城之崎佳弥」 (JP);;MISSING;http://ares.dl.playstation.net/cdn/JP0031/BLJM60444_00/ZUJeanMTbryYSynsdwhofTQJuJYHRePUuVLDWCicwjHjYjjxgwbRmquVBGCWhpFletDHucDtaplHCblYpOOaCgLgqvmAeaUVmzfcL.pkg;7545024;;;JP
JP0031-BLJM60444_00-FREETHEME0000002;3;カスタムテーマ「相葉皐月」 (JP);;MISSING;http://ares.dl.playstation.net/cdn/JP0031/BLJM60444_00/DGbmsdXLgEKYbrGKIAYyihqrvCwUIYjCmIMxtNspnpjJWwLOdLGTpNSgKpesEYEkKxqLXiZkZAgdyCxPwJFgycsewVORmtOLCYfOp.pkg;7434336;;;JP
JP0031-BLJM60444_00-FREETHEME0000004;3;カスタムテーマ「東雲真憂」 (JP);;MISSING;http://ares.dl.playstation.net/cdn/JP0031/BLJM60444_00/jxFKqlWekGjXbOzEPqKBJiZGaTvapOtRmgTBUsQfxBhiobDFHCNoXonkEArDWHcrUhPKNBeTErVHqfgceocppYUKEXxpBGJAEhlkm.pkg;7386304;;;JP
JP0031-BLJM60444_00-FREETHEME0000005;3;カスタムテーマ「滝川葵」 (JP);;MISSING;http://ares.dl.playstation.net/cdn/JP0031/BLJM60444_00/cQVdNvDkyiWoZarFeQMVSMnXzqOOycuTeaaobJRdsAyFZWSjGtbHdlujQBwYgQriyMNbuUiMXzSMWJRnGTFAVxrSKaUaWNhLIIKNN.pkg;7677600;;;JP
JP0031-BLJM60444_00-FREETHEME0000006;3;カスタムテーマ「播村奈津」 (JP);;MISSING;http://ares.dl.playstation.net/cdn/JP0031/BLJM60444_00/vpwRiZoHmxEIyvzBveMVtQtxPoXoNzmjuUcmUKljqTizNtkgKEcSDquOObFFkyoxeoUXQGUYycdgtxsjLeXMSahTXJZPrgsvvyJFi.pkg;6453008;;;JP
JP0506-BLJM60993_00-THEME00000000004;3;ダークソウル　カスタムテーマ　ダークレイス (JP);;MISSING;http://zeus.dl.playstation.net/cdn/JP0506/BLJM60993_00/cylHZFJhYXmxSDTrbTgQDTWEBRBQmrmdxQoqdJRifTLJCyyGyJyUxBOiAgUSFPdGPLIOaxKjKiAburVVWCZPQFFCDwtdGRwIKOxKr.pkg;1816752;;;JP
JP0506-BLJM60993_00-THEME00000000003;3;ダークソウル　カスタムテーマ　太陽の戦士 (JP);;MISSING;http://zeus.dl.playstation.net/cdn/JP0506/BLJM60993_00/nXdmaPqhltNXReSzruvBdTghhHsSSaDwVZQSZztvEoKosRFOYuZHvozUaqVlGtMLTHcDBGtmUYedvwmxshUzytDJCGPNuQaeTtkbq.pkg;5385600;;;JP
JP0506-BLJM60993_00-THEME00000000002;3;ダークソウル　カスタムテーマ　王女の守り (JP);;MISSING;http://zeus.dl.playstation.net/cdn/JP0506/BLJM60993_00/gCJVkivnlBinMARtaFoEfIMqdqaahqpVCmISeTkPrfYicoYNqgFCfeUppRSgmKVrkCXbWMCsOHHMUTmBKQuLJFWeIoRiGNliVUZkE.pkg;5356704;;;JP
JP0506-BLJM60993_00-THEME00000000001;3;ダークソウル　カスタムテーマ　白教 (JP);;MISSING;http://zeus.dl.playstation.net/cdn/JP0506/BLJM60993_00/CpUoiHHwKGIepQjcGSJVpiLopmEuPxkLTLYedAuJOKTlSAkPcWKboRwlAUzugJWuOKXXfSwQnGlunFGgXdXKWYmjOeZYQssCACKmP.pkg;6850960;;;JP
UP0101-ULUS10509_00-MGSPWTHEME000001;3;METAL GEAR SOLID®: PEACE WALKER Art Theme (US);;MISSING;http://zeus.dl.playstation.net/cdn/UP0101/ULUS10509_00/RrJEFwsOjGtjpueHqePFsyMmEGuImKfHeBeOtSPQVPwMTUdUYDVjCYkWWRcMGVYKQgtvpOAnKqRtCSVpMbFmXtOPwSStnCvSZGXij.pkg;12874144;;;US
HP9000-NPHO00186_00-CUSTOMTHEME00001;3;PlayStation®Plus original 『Gran Turismo®6』 Custom Theme (ASIA);;MISSING;http://zeus.dl.playstation.net/cdn/HP9000/NPHO00186_00/BORvPHwCTsZEeEkwfoFpRjdstttLEapwwaIGZWTAoexCQDfNDgijRlEPcOtZRSmbAqktGCadegHIurtgpXelTMbYFjciWDFEmnGwC.pkg;2365312;;;ASIA
JP0177-NPJB00785_00-DFCITHEMEJP00000;3;DENGEKI BUNKO FIGHTING CLIMAX THEME (JP);;MISSING;http://zeus.dl.playstation.net/cdn/JP0177/NPJB00785_00/JP0177-NPJB00785_00-DFCITHEMEJP00000_bg_1_367a2ae74e66c4a0521a336de97e4e8f683c6623.pkg;3315120;;;JP
HP9000-NPHO00012_00-0000000000000001;3;THE EYE OF JUDGMENT™ Theme～Summoners Rest(For PS3™) (ASIA);;MISSING;http://zeus.dl.playstation.net/cdn/HP9000/NPHO00012_00/iLECGtmtgaJJbiodekw14VA1NmC9dR5VrlXNap5T7TfhRTDtpDEUvqmsjArn27WVl9IaRdE3mhvBf8TWOejQAbkmW5cwYl6ibfHvX.pkg;6387904;;;ASIA
HP9000-NPHO00009_00-0000000000000000;3;UNCHARTED Theme(For PS3™) (ASIA);;MISSING;http://zeus.dl.playstation.net/cdn/HP9000/NPHO00009_00/D8gmfH12jsYEn1ROlKoBJFCE0wpM6Q1PtnegRq4fWNswwk3The6fFOpFCjHmfKPmde1A0EmfnlKDURSkujte7MeFIEipLOrdHAyaP.pkg;3132128;;;ASIA
HP9000-NPHO00012_00-0000000000000002;3;THE EYE OF JUDGMENT™ Theme～Elemental Background(For PS3™) (ASIA);;MISSING;http://zeus.dl.playstation.net/cdn/HP9000/NPHO00012_00/tPw7qfoIKiMOQpE4OdqemJCivGc3grAoHmJ3oVdM1dMDcCsenA2baaOtVeEODEBCydK6G5A5pAppj3qvE2hRL5sgrtxqPmeCkQfDR.pkg;8952592;;;ASIA
HP0404-NPHP00075_00-DISGAEATHEME0001;3;Makaisenki DISGAEA 4 Theme (ASIA);;MISSING;http://ares.dl.playstation.net/cdn/HP0404/NPHP00075_00/LltqzRPSDJfdMAowruEylbMsRatmkFtoIDbJvHhYBXswnOIOyqpNKldcTEkbgecQrDCndjjvsJAqPBpLOBmMJjBASrOEhxYOTlwts.pkg;1563152;;;ASIA
HP9000-NPHO00100_00-SOCOMSTATICTHM01;3;SOCOM 4: U.S. Navy SEALs Static Theme (ASIA);;MISSING;http://ares.dl.playstation.net/cdn/HP9000/NPHO00100_00/dbkZjWtnasyRFwtoVzeIdanvaEsIeaowAugoTnYsksJnGqbBlQotfRzGRUflvFNqeNnCjGiSZeKkDLuCQiQQZneqypzdRfflwzJfo.pkg;2497680;;;ASIA
UP0101-BLUS30810_00-SH2THEME00000001;3;Silent Hill 2 Theme (US);;MISSING;http://zeus.dl.playstation.net/cdn/UP0101/BLUS30810_00/tZDHQaDqTfIezkWoNJlqWlUCupQiaDXCAMnCLjXVTPlZMnSQraCZAHGMoQUmdFnfgYSlCFGLeHTtrsGqaXONQzFMAdMkNvwAMGuUY.pkg;8280576;;;US
UP0101-BLUS30810_00-SH3THEME00000001;3;Silent Hill 3 Theme (US);;MISSING;http://zeus.dl.playstation.net/cdn/UP0101/BLUS30810_00/cqaJpwhKjvGQSKPzpssBHRoFguQCBskPBoXZVmvhkANlopXZOvgAncIUYWOnpewbWDGekWGrFfYJvSmSoDkvERdDpXwRqhZNrWOgv.pkg;7486208;;;US
JP0005-NPJB00769_00-PS3THEME00000016;3;ペルソナ５　イゴール＆従者　スペシャルテーマ (JP);;MISSING;http://zeus.dl.playstation.net/cdn/JP0005/NPJB00769_00/JP0005-NPJB00769_00-PS3THEME00000016_bg_1_801446d780c268b0e9a3c369a59f62e9c20a40da.pkg;1368384;;;JP
JP0102-NPJB00349_00-STRCUSTOMTHEME01;3;UNKNOWN TITLE (JP);;MISSING;http://zeus.dl.playstation.net/cdn/JP0102/NPJB00349_00/KGCJsArXkBMPVSMSjHLHUWYJYcceIcYBCQJroxIxeWWSOUnCeKiMNFgNaPFtAIyEaAzDtzkNtSfkhKyVbFOnvbWVQmHgkdCIqVnjN.pkg;3006336;;;JP
EP4312-NPEP00091_00-TSMOBILETH000315;3;UNKNOWN TITLE (EU);;MISSING;http://zeus.dl.playstation.net/cdn/EP4312/NPEP00091_00/MNyIzbXaFygtNDHfmEjlpgYOkjkbMqPURfLEZJDzYTxirpEyaNTnQCpCZTqBWdpp.pkg;9495920;;;EU
EP4312-NPEP00091_00-TSMOBILETH000300;3;UNKNOWN TITLE (EU);;MISSING;http://zeus.dl.playstation.net/cdn/EP4312/NPEP00091_00/sJhhaXuNTsTrZkHQiOKJRufAnQtWRMmcnfjDLMKCyjzmpsXhQCmPhOMWRaIioJXb.pkg;10181616;;;EU
EP9000-NPEO00144_00-TTHEDARKKN000004;3;UNKNOWN TITLE (EU);;MISSING;http://zeus.dl.playstation.net/cdn/EP9000/NPEO00144_00/FxRZnmTXuSIGntienOiwBusPwpBHyiqVwALIAqsotulrocCnVhRumDBwpmqouJIB.pkg;2124256;;;EU
EP4062-NPEP00304_00-TPERSONA5X000004;3;Persona 5 - Ann Takamaki Special Theme (EU);;MISSING;http://zeus.dl.playstation.net/cdn/EP4062/NPEP00304_00/EP4062-NPEP00304_00-TPERSONA5X000004_bg_1_22ca762300e0877d3068719b3e6f1fec0e60cd8d.pkg;1329872;;;EU
UT0002-NPUP00002_00-AZMODEUSDARKAN02;3;UNKNOWN TITLE (US);;MISSING;http://zeus.dl.playstation.net/cdn/UT0002/NPUP00002_00/4OgAswwGRDSdwxiKwVSfaxsv5MutWKexkQ1uVQdO4X8MJwHO6Ig8h1E1s3cDxN4uNqQtCdud88M5hqPaeDORIBksw90OmLVw7MXxO.pkg;4929456;;;US
EP0001-NPEP00037_00-AC2MASTERTHEME00;3;Assassins Creed II Master Assassin Theme (EU);;MISSING;http://zeus.dl.playstation.net/cdn/EP0001/NPEP00037_00/46OMvGcc1YyBv6exyYJx6Pf9bR46nnt1T6YNvlTJjOg0k3TVhhTc42XR0xndCGf6fr1h42ugebf8xU3CkICsedIsPS78SomGSEIvf.pkg;5161328;;;EU
EP4177-NPEP00062_00-TRANQUILITY00001;3;Tranquillità (EU);;MISSING;http://zeus.dl.playstation.net/cdn/EP4177/NPEP00062_00/woSLsWqtDynPLUMQAkSqXsdrNfnaHinfWIqarqBOrnXeHyRpLIeACwoCoAujekAr.pkg;13807744;;;EU
EP4218-NPEP00074_00-DYNLIGHTEXPLOSIO;3;Dinamico Tema Esplosione Di Luce (EU);;MISSING;http://zeus.dl.playstation.net/cdn/EP4218/NPEP00074_00/BKUJLtTJZcfcNOuBjnnRhyqaUKnvpesfIIyfinUarJwmCNvkumiapBrMegFtTIkp.pkg;9700880;;;EU
EP9000-NPEO00087_00-TSPDYNAMIC00RU58;3;Динамическая тема When Vikings Attack™ (EU);;MISSING;http://zeus.dl.playstation.net/cdn/EP9000/NPEO00087_00/ILJACwXfTIIUelWtDSZdctDjcIdGpCnVfhNwYIgHJIHMuAFEBbYaewMBwBLvfBad.pkg;3694800;;;EU
EP9000-NPEO00154_00-THEHOBBITDYN00RU;3;"Динамическая тема ""Хоббит"" (EU)";;MISSING;http://zeus.dl.playstation.net/cdn/EP9000/NPEO00154_00/HdagKCXgFvANnWVwpeeGnUnVhBpaXAeRiIjvxKWtfRLqKLKAJNLzgObxHBMXGNnj.pkg;5398896;;;EU
EP9000-NPEO00154_00-THEHOBBIT00RU004;3;"Тема к ""Хоббит"" (Legolas) (EU)";;MISSING;http://zeus.dl.playstation.net/cdn/EP9000/NPEO00154_00/RxTEmwEkuqajZueqAXdIzgprxpbrgHPWaoRWreUFBsMzmXBCCcDszigdIRBWMSJw.pkg;1577824;;;EU
EP9000-NPEO00154_00-THEHOBBIT00RU003;3;"Тема к ""Хоббит"" (Gandalf) (EU)";;MISSING;http://zeus.dl.playstation.net/cdn/EP9000/NPEO00154_00/zthHERAlLJjUoYFEcRzNQBrDooVlYGOCTkARlIgfHuPSMlItuvxQcGJTXYZPOXPh.pkg;1485296;;;EU
EP9000-NPEO00154_00-THEHOBBIT00RU002;3;"Тема к ""Хоббит"" (Bilbo) (EU)";;MISSING;http://zeus.dl.playstation.net/cdn/EP9000/NPEO00154_00/cXaSPgLuODafexYnJPFzEhlwOjXNqLIfSOzDgtwqQgMhQfSimkycqKcCUrnNxOcd.pkg;1888672;;;EU
EP9000-NPEO00154_00-THEHOBBIT00RU001;3;Тема к 'The Hobbit' (EU);;MISSING;http://zeus.dl.playstation.net/cdn/EP9000/NPEO00154_00/waJkIOOEHukcoLsZBWyvgnamSzCGldhKCcPRULtvsTjymGGYhMfyQONJWTbOzqnn.pkg;1692432;;;EU
EP9000-NPEO00154_00-300MOVDYN00000RU;3;"Набор тем ""300"" (EU)";;MISSING;http://zeus.dl.playstation.net/cdn/EP9000/NPEO00154_00/IJsUYptTvYpdxYQbxXbCfvyUEcwqwVnvWfjvGRneHZRmvgdUxZnONVUvqRNQSeNZ.pkg;6074592;;;EU
EP9000-NPEO00154_00-300MOV00000RU002;3;"Набор тем ""300"" (EU)";;MISSING;http://zeus.dl.playstation.net/cdn/EP9000/NPEO00154_00/VonJhctJUXkyCkdVFOFMmSabzUHgBDVOQYvaixEjNMUiKznfQiAxteDAkyocqlfm.pkg;1008976;;;EU
EP9000-NPEO00154_00-300MOV00000RU001;3;'300' Theme Bundle (EU);;MISSING;http://zeus.dl.playstation.net/cdn/EP9000/NPEO00154_00/ymMPZvxpUAGITfdXapENRrHHrPRjRyaqpjqwItAJnEWMVjMDeMNabfiBYilUHWzc.pkg;978880;;;EU
EP9000-NPEO00154_00-GODZILLADYN000RU;3;"Динамическая тема ""Годзилла"" (EU)";;MISSING;http://zeus.dl.playstation.net/cdn/EP9000/NPEO00154_00/ITzgFegPJFdIZYlXtLBwwqBKvBkronUhfjVuXtxrehnJpSpyVJDZvoqxGJCTEHfB.pkg;6530144;;;EU
EP9000-NPEO00154_00-GODZILLA000000RU;3;"Набор тем ""Годзилла"" (EU)";;MISSING;http://zeus.dl.playstation.net/cdn/EP9000/NPEO00154_00/hDiWyqyJuPuypVuJrfXpjzZokRFbiHaHslpeNgHmoDyGawACPMYOHYPUofpnekad.pkg;2343744;;;EU
EP9000-NPEO00154_00-EDGETOMORDYN00RU;3;Динамическая тема Грань будущего ТРЕЙЛЕР (EU);;MISSING;http://zeus.dl.playstation.net/cdn/EP9000/NPEO00154_00/GSOTglqrGhVWeLoOBOjKZdRxyVWIYJkHRjfWNrQKCybQiabRjrnXUYiiRyJGFKyk.pkg;2482240;;;EU
EP9000-NPEO00154_00-EDGETOMOR00000RU;3;Тема к Грань будущего ТРЕЙЛЕР (EU);;MISSING;http://zeus.dl.playstation.net/cdn/EP9000/NPEO00154_00/vubDrZfvuEpcKuEnmHjXnbsSHkJvStzSURGXsdADTDrMoeCbnhkeLIEWfgvNwSSR.pkg;1161888;;;EU
EP9000-NPEO00154_00-MADMAXDYNTHM00RU;3;Динамическая тема БЕЗУМНЫЙ МАКС: ДОРОГА ЯРОСТИ (EU);;MISSING;http://zeus.dl.playstation.net/cdn/EP9000/NPEO00154_00/OMaUHgGpufpYazbPcIifNOAuVIUmkiEnlNQEeChRFlnmOqOOXVVwudiPnbYYFtvd.pkg;4070208;;;EU
US0026-NPUP00043_00-FULLMETALALCHBH1;3;Fullmetal Alchemist: Brotherhood Dynamic Theme (US);;MISSING;http://zeus.dl.playstation.net/cdn/US0026/NPUP00043_00/olIyWLeqWQRXyMcjEpqaXznsDWCHYxnRpjxbUCXIGsVllJabIzasDsDAedQZYzxDKtOcNRGKUrQqZsdwsZHSlOAWBXwriZzzsaxfD.pkg;10283152;;;US
UP4371-NPUB30958_00-THEMEPS3UX000057;3;ibb & obb Theme (US);;MISSING;http://zeus.dl.playstation.net/cdn/UP4371/NPUB30958_00/FOwyBtrApQVdwIwvJBzzaDAUUrgVlgJQZRCRiGaEQVhxqnGJjhaAYUkeXiPyMdeK.pkg;578672;;;US
UP0700-BLUS31006_00-A001X00000000000;3;Tales of XilliaΓäó Special Theme (US);;MISSING;http://zeus.dl.playstation.net/cdn/UP0700/BLUS31006_00/XkdNNvtoDTNllVxpFDlefwMHOarxOFeIXkoZsXxQboNTuffckzgdRsFnzQCqJSzq.pkg;3106032;;;US
UP0700-BLUS31006_00-A000X00000000000;3;Tales of XilliaΓäó Bonus Theme (US);;MISSING;http://zeus.dl.playstation.net/cdn/UP0700/BLUS31006_00/CRHORpfMrHPEBuCwmhMJvucWXglxqmiyTcOrWyDIBRgYViAlxrDIRZwuDgFtRSSk.pkg;17605456;;;US
UP0700-BLUS31006_00-A003X00000000000;3;Tales of XilliaΓäó Idolmaster Theme (US);;MISSING;http://zeus.dl.playstation.net/cdn/UP0700/BLUS31006_00/xexeSASpmgELzdcgFzvkNcEalvciBoYXvcMBzbxxuftfkFstheNKajqDfdvxvmbp.pkg;1096400;;;US
UP9000-NPUA80783_00-HOHOKUMTHEME0000;3;HohokumΓäó Theme (US);;MISSING;http://zeus.dl.playstation.net/cdn/UP9000/NPUA80783_00/gMVzhMNqOpiSFaQPnEQtSyFQCZjMwOLubFWuoMuZywPtxKRtekNnRhPixxTBJqbT.pkg;887552;;;US
US0041-NPUP00078_00-KITTNOP2THEME001;3;Cute Kittens Theme (US);;MISSING;http://zeus.dl.playstation.net/cdn/US0041/NPUP00078_00/OQhDSChJvTmdbNMQHXWdYiREgcQZVqguqMBqzqtipHQfiSerlmRAUkwEHjMarOKupHObMNFMYTJtzjCRTDoDRtujGpEsyYTpwsqPU.pkg;19026016;;;US
US0029-NPUP00085_00-TMNTGROUPTHEME01;3;The Teenage Mutant Ninja Turtles Team Theme (US);;MISSING;http://zeus.dl.playstation.net/cdn/US0029/NPUP00085_00/WDGYspKidcqeZhQeLuuHCegAhnUbeBHRxsuNaCTzxvkHVZBNWJlJWjDmXoeomJeJBaGMNxPsWDursimxZoPdFcHTdANpzgnVFzQWE.pkg;5849568;;;US
US0029-NPUP00085_00-TMNTCHARACTERT01;3;The Teenage Mutant Ninja Turtles Characters Theme (US);;MISSING;http://zeus.dl.playstation.net/cdn/US0029/NPUP00085_00/yefrksuzNrCEYtQuiWaORDesxDgppcpeaDJfGfjIGXjfTqZUFoYUmFhPzUURsTkPvBjTKsHtdbvhormFZHxkZXiclNtyGChymOlFb.pkg;5898560;;;US
UP0002-BLUS31188_00-DIABLO3EODTHEME1;3;Diablo III: Eye of Diablo Theme (US);;MISSING;http://zeus.dl.playstation.net/cdn/UP0002/BLUS31188_00/ClXqDruMHEHuJQKqvHqoBJycskfTShOPuQUIDOnLzccIiFlGkmSKXfLrBKrFrzFm.pkg;2778752;;;US
UP0101-NPUB30561_00-CVSOTNTHEME00001;3;Castlevania: Symphony of the Night Theme (US);;MISSING;http://zeus.dl.playstation.net/cdn/UP0101/NPUB30561_00/anoHQiBcssoEcNqebsCVQHZBqptyvzLrebkpBhzkBUKNySFsKFuRFDGEdiayLrtmJQjyhgNAnHYVVDgJpegizZMDoanljLVVGlQFy.pkg;5989168;;;US
JP0700-NPJB00486_00-IMASG4UTHEME0001;3;アイドルマスター G4U！ VOL.1 カスタムテーマ (JP);;MISSING;http://zeus.dl.playstation.net/cdn/JP0700/NPJB00486_00/fGeWUGqoNGOaTwjEfSdUUnuBZSTcvyvBGssOAfQadyfcDodOQSfZnFhgEaLfPEBCPXpvzoriHzCtFVuxLJHZIPdYOJpsplgFGPOFk.pkg;1905344;;;JP
JP0700-NPJR00031_00-PS3VIVIDO0000001;3;ビビッドレッド・オペレーション 発売記念キャンペーンカスタムテーマ (JP);;MISSING;http://zeus.dl.playstation.net/cdn/JP0700/NPJR00031_00/IabdYWHnxMWEYhRaQjYYyDTZkZhOSSztcwuuWgxHTEEUfejlpKhCasBxSBsyeDYzwJsKuvKkkDWtoAVOHLMjShDujxkXFfOjuRPJQ.pkg;1252352;;;JP
JP0738-NPJR90018_00-ASTHEME000000034;3;エンジェル戦記カスタムテーマVol.34 (JP);;MISSING;http://zeus.dl.playstation.net/cdn/JP0738/NPJR90018_00/rQJhsthpGZcJBECVsFTCYFTWhQRyDnSLGpGJadxQcvGdypQZZbdDbuRgbAqNmTzrUewPdPWRVbhQNGOTuBOTJKRaohvbJXMxpWYsd.pkg;1097168;;;JP
JP0738-NPJR90018_00-ASTHEME000000039;3;エンジェル戦記カスタムテーマVol.39 (JP);;MISSING;http://zeus.dl.playstation.net/cdn/JP0738/NPJR90018_00/wOmOrdoHGEiqeDYYGVsvdSuMRNpModaRBgsjgMDiAIAHNRQDuusMJKfoCKSakgXkAPtZIMvAeubsUOIYbbCvtWOkfKLywVWKKZbiS.pkg;1591920;;;JP
JP0738-NPJR90018_00-ASTHEME000000038;3;エンジェル戦記カスタムテーマVol.38 (JP);;MISSING;http://zeus.dl.playstation.net/cdn/JP0738/NPJR90018_00/OTUlKEkMINqczzSebNfgwjCoqnazvQaYnbfHzGKwukPYwIpQGsRNiBBVRDubUqBZVHiEFlPTxQrgFMqMvUYGeQejgephWKlRMcyzv.pkg;1539248;;;JP
JP0738-NPJR90018_00-ASTHEME000000037;3;エンジェル戦記カスタムテーマVol.37 (JP);;MISSING;http://zeus.dl.playstation.net/cdn/JP0738/NPJR90018_00/DVMMoYlBqAYwsGPQQFYDsFcpaVfFpxduuliZUXLCUIPRGsZMxNWfCPfzXuBOLBcBRVLYDTdstBOlFQXLLhQNgMdxrGFTjoDEJlXbL.pkg;1579712;;;JP
JP0738-NPJR90018_00-ASTHEME000000036;3;エンジェル戦記カスタムテーマVol.36 (JP);;MISSING;http://zeus.dl.playstation.net/cdn/JP0738/NPJR90018_00/ezBFZKPjJbSQwSEVxokDuZSuafYuRgmvKHJuQvLUBTioBAdkgFsjIGMpUXFiRIykRzAmXyQHKctNCOVvMyHGNomyedIIcQiSpxJmj.pkg;1745408;;;JP
JP0738-NPJR90018_00-ASTHEME000000035;3;エンジェル戦記カスタムテーマVol.35 (JP);;MISSING;http://zeus.dl.playstation.net/cdn/JP0738/NPJR90018_00/FdXxmkxKKVExIGpmLHirKwHiIzeVgLeMjBfDytBejoECrpTKlvzcBTPvdTWFfPnQbXnFBTgAebAgkuXwlultYLAwVYcqwaFqeaxhX.pkg;1410480;;;JP
JP0738-NPJR90018_00-ASTHEME000000060;3;エンジェル戦記カスタムテーマVol.60 (JP);;MISSING;http://zeus.dl.playstation.net/cdn/JP0738/NPJR90018_00/sIQQHSPkERuyypasvaXkDlqINwRzgLoIEQbnqoHJwBsJvgfMcuQzSRnvPRpmXhjetsbUrlzzISymcBmtjRmfSBBNYWogybRunVpLH.pkg;1166496;;;JP
JP0738-NPJR90018_00-ASTHEME000000056;3;エンジェル戦記カスタムテーマVol.56 (JP);;MISSING;http://zeus.dl.playstation.net/cdn/JP0738/NPJR90018_00/uWXWimTLWGHGicvouiwGQIQFUDOFlsIlTLovOlONUJvbbhtyrArkYGwOpyElhniQnDAPDmNlvuzgTySkNXiEOmujmjUQgrTgEkuRS.pkg;1694368;;;JP
JP0738-NPJR90018_00-ASTHEME000000053;3;エンジェル戦記カスタムテーマVol.53 (JP);;MISSING;http://zeus.dl.playstation.net/cdn/JP0738/NPJR90018_00/huWouubDRExWYBIFiuHobBCoJxDhALbmxJHGYzmrTPrpmriTcuaJAYiRfMwceeAMvOzALAVcIOEEKJXPcJChXIJJdFBMGOCsXcClf.pkg;1169376;;;JP
JP0738-NPJR90018_00-ASTHEME000000052;3;エンジェル戦記カスタムテーマVol.52 (JP);;MISSING;http://zeus.dl.playstation.net/cdn/JP0738/NPJR90018_00/pVQHzHJxtRanYxYUAAaSBhdwiKWWURRPukKtVMubScZqLgIRUJRbhQIzoJqNChrpBPSEBMuBRlZXOJWWuiYrlTPsVgbSxBMDcAeNI.pkg;1853888;;;JP
JP0738-NPJR90018_00-ASTHEME000000050;3;エンジェル戦記カスタムテーマVol.50 (JP);;MISSING;http://zeus.dl.playstation.net/cdn/JP0738/NPJR90018_00/XmGMuIXpWcxuNDpvPKTZMtoKypgnlQhysZiytwCVYIYsySeZtdeUTeBJJpiuqCqXbZXPrlDSwjFIKSQIwiWxWQjwseqRgyuJjrYuC.pkg;1407712;;;JP
JP0738-NPJR90018_00-ASTHEME000000058;3;エンジェル戦記カスタムテーマVol.58 (JP);;MISSING;http://zeus.dl.playstation.net/cdn/JP0738/NPJR90018_00/eMrFlyByeNuYeIgdUXrMKqrnbzgNzecbFBELZrfpJzaAWtcnXliwDFRqCewJPPEhbozTTncDoekQONMLACPTYSqBStyEWBePECUtx.pkg;1868656;;;JP
JP0738-NPJR90018_00-ASTHEME000000057;3;エンジェル戦記カスタムテーマVol.57 (JP);;MISSING;http://zeus.dl.playstation.net/cdn/JP0738/NPJR90018_00/FUUUOVphngQjZjPRupExqduoFXonghbKrSMeXzOIHrhTNfciLDjGBHJyTkVfZxkIjLzyiPPhQAceDMeXFWFVTcAjneOMryNfrsASh.pkg;1676128;;;JP
JP0738-NPJR90018_00-ASTHEME000000043;3;エンジェル戦記カスタムテーマVol.43 (JP);;MISSING;http://zeus.dl.playstation.net/cdn/JP0738/NPJR90018_00/sHnWzWveOpHWEvqnrmYeDfrriASKeGaxyFsrCvFwDnGgcCkOBAKZthiOfEXisztwlrstkFBjOpoqEvVeGIzgvsfPlqjTwOxFVMTmd.pkg;1683600;;;JP
JP0738-NPJR90018_00-ASTHEME000000040;3;エンジェル戦記カスタムテーマVol.40 (JP);;MISSING;http://zeus.dl.playstation.net/cdn/JP0738/NPJR90018_00/KWvCTsWEJsWyzNParMdAgjbnSYEADBafISPsvzuGhdVUdBekRjuxhwguMTTQNqdWdznaeEHhNwsptWiaItczdxndRNwfmfEOakame.pkg;1897264;;;JP
JP0738-NPJR90018_00-ASTHEME000000048;3;エンジェル戦記カスタムテーマVol.48 (JP);;MISSING;http://zeus.dl.playstation.net/cdn/JP0738/NPJR90018_00/maZRivYkmWgIAbZaxscwkfNKqECUjNSHMnxErSMxOcYcatbQtQIcmFZDxmYFWmpKUaKLmnvPuwXHRjNCiHxHYDCHNQLtvBhnXfcrv.pkg;1832800;;;JP
JP0738-NPJR90018_00-ASTHEME000000047;3;エンジェル戦記カスタムテーマVol.47 (JP);;MISSING;http://zeus.dl.playstation.net/cdn/JP0738/NPJR90018_00/QmzCMlEOGcYVHnZXvzJcGKaXuiTDsNgMLVDFAiqESPwFDBdRoYeVxWMZdulkarOWvfWDdZXaMVhfNTivOLrRUMelSdXqeeBvUByHH.pkg;2001520;;;JP
JP0738-NPJR90018_00-ASTHEME000000046;3;エンジェル戦記カスタムテーマVol.46 (JP);;MISSING;http://zeus.dl.playstation.net/cdn/JP0738/NPJR90018_00/iUvUCRVBgwwGacOTumDvTRivEBVFGFbePSbhbSGHgPKyrcMeuWSqfKuUVcWqTaojcTKezvbRmUhLmADlEYleaqnNyDhKjXhXBhkLu.pkg;1949200;;;JP
JP0738-NPJR90018_00-ASTHEME000000055;3;エンジェル戦記カスタムテーマVol.55 (JP);;MISSING;http://zeus.dl.playstation.net/cdn/JP0738/NPJR90018_00/OXbJaTSOavXRTgSxMHKxGdjtwyISjwUgELoBNjXLKyMexKkdQGTnyMdGipccjVTofeDjJksBxAINlJxXtgZUamsDKuGxIkQjrdkKP.pkg;1359824;;;JP
JP0738-NPJR90018_00-ASTHEME000000054;3;エンジェル戦記カスタムテーマVol.54 (JP);;MISSING;http://zeus.dl.playstation.net/cdn/JP0738/NPJR90018_00/daGEGBiVcmtAfGSOTqiXAPxKuBhvIOYQKFyxexiziPUpTWewZHbyqjfGpcCKKQzQnugxbIFhvwaDnrqWjTrWePhLBUcSlidjNPBlq.pkg;1765808;;;JP
JP0738-NPJR90018_00-ASTHEME000000051;3;エンジェル戦記カスタムテーマVol.51 (JP);;MISSING;http://zeus.dl.playstation.net/cdn/JP0738/NPJR90018_00/OhqHOWPxktDbrdLHmDBYVHlAVwOybrmcVFLbFfpzdDWIkqnptoiMiBQxNakrBYbegDnpCdlefsMtRpAvnRidLLuyuhaAXqtCKjNiF.pkg;1613216;;;JP
JP0738-NPJR90018_00-ASTHEME000000059;3;エンジェル戦記カスタムテーマVol.59 (JP);;MISSING;http://zeus.dl.playstation.net/cdn/JP0738/NPJR90018_00/QKZRigBSbiKOxtaCYOikAIClmEHikYjpPAwSzWPrCCAsJeloPLxqVBSRmOKdABBRLJINizCglMrBadycVNPpFUsPIfgfMyGoRZeDc.pkg;1338496;;;JP
JP0738-NPJR90007_00-ALOTHEME00000049;3;AngelLoveOnlineカスタムテーマVol.46 (JP);;MISSING;http://zeus.dl.playstation.net/cdn/JP0738/NPJR90007_00/ERlUAZACeGdljRjGNoOKpJAcqwdJewVSkjzgRSFThOuvJiaHiZyRUrpYSsWRUDjLVYdyBABwlTXeikssfZMpReYcFbxLBIiaiIwvb.pkg;1708400;;;JP
JP0738-NPJR90007_00-ALOTHEME00000048;3;AngelLoveOnlineカスタムテーマVol.45 (JP);;MISSING;http://zeus.dl.playstation.net/cdn/JP0738/NPJR90007_00/moIgSZvnTqjMfURielVkPqvWGwZOJUYotVtGtUJatdIWtMrJjziETYqbkUZmjkwKNcNKBXKTZXlgPKDEEydJdUbaMMEZceeMPAsvL.pkg;1818672;;;JP
JP0738-NPJR90007_00-ALOTHEME00000047;3;AngelLoveOnlineカスタムテーマVol.44 (JP);;MISSING;http://zeus.dl.playstation.net/cdn/JP0738/NPJR90007_00/aUJDlolWtgHahhcOXIoWyrajnTOsWYzaHiaJpsXGFXGjzDGnyUYHHJfIIeNEdgNwgHAMszIlJjFTDZIDEuClaQdKHPfotMWJrekKB.pkg;1327744;;;JP
JP0738-NPJR90007_00-ALOTHEME00000063;3;AngelLoveOnlineカスタムテーマVol.60 (JP);;MISSING;http://zeus.dl.playstation.net/cdn/JP0738/NPJR90007_00/kFdvBQjKnPPJzqHIlkdrWPSXKybUyDIqDRDhOrFIrNmNcSnEUJdePGAuILZbrGRIpKhOCgnwwkfYGbeLWZTPTcXZrphBjMUGCaYZP.pkg;930640;;;JP
JP0738-NPJR90007_00-ALOTHEME00000071;3;AngelLoveOnlineカスタムテーマVol.68 (JP);;MISSING;http://zeus.dl.playstation.net/cdn/JP0738/NPJR90007_00/pyfyesfkEdiDREmcOPdrgcMSfuBxjpaRfBzJHFeoKbRCxqqEfsGiRIqaYLxMPzgxpZFsZCrqLGfDFEeBtyXgoRejpoHBUrthTzvos.pkg;1608064;;;JP
JP0738-NPJR90007_00-ALOTHEME00000069;3;AngelLoveOnlineカスタムテーマVol.66 (JP);;MISSING;http://zeus.dl.playstation.net/cdn/JP0738/NPJR90007_00/NzlWnVFYigtHtYMBWnzrVtvMgxsJxEWPmUZxZIosoEUGNNtauuxCEtNEMeGkUXavIHRZIjxkKWInxISTTyaQAFOhZAWHLsHisafeD.pkg;2133312;;;JP
JP0738-NPJR90018_00-ASTHEME000000045;3;エンジェル戦記カスタムテーマVol.45 (JP);;MISSING;http://zeus.dl.playstation.net/cdn/JP0738/NPJR90018_00/GjWSOUXcWpEfTVFKOCPOdcodCbwnJjyThmsBziyJeEWFFuQnWWKIdQAiXATXXlnlHbYHHHDIBhgotvfLgSKAmkTKljGsdNheFeBAN.pkg;2002208;;;JP
JP0738-NPJR90018_00-ASTHEME000000044;3;エンジェル戦記カスタムテーマVol.44 (JP);;MISSING;http://zeus.dl.playstation.net/cdn/JP0738/NPJR90018_00/tqXOHjxaJidFClORwhPbTSrdLnGRHAyyMuZROzLyTtqlBhjJIyKVkVhMxfhkSEfWYnYxJRlnAIztLuXGCFDkwEDRmSWFTKDTNntpR.pkg;1760336;;;JP
JP0738-NPJR90018_00-ASTHEME000000049;3;エンジェル戦記カスタムテーマVol.49 (JP);;MISSING;http://zeus.dl.playstation.net/cdn/JP0738/NPJR90018_00/HEHHyYbUlsfYddGRWXKFQaUmbBBZRxubQmgUxwOUfJAkpDjRIAlrUNJiwCHYiCPONxCCMCQCtWKRlCyrfeElXItJgTodsqriJsvfE.pkg;1654320;;;JP
JP0738-NPJR90018_00-ASTHEME000000041;3;エンジェル戦記カスタムテーマVol.41 (JP);;MISSING;http://zeus.dl.playstation.net/cdn/JP0738/NPJR90018_00/IGwdyuTJeIIEYpBJHQenBfiVUCigvlXwojtSwBgMbzvdJSuYImZJHoUjEliOTkqTHroXloyDjpWqMfTJUVipmKrWMWWHTodfSRwrd.pkg;1523152;;;JP
JP0738-NPJR90007_00-ALOTHEME00000061;3;AngelLoveOnlineカスタムテーマVol.58 (JP);;MISSING;http://zeus.dl.playstation.net/cdn/JP0738/NPJR90007_00/RbtIxirbWebHSvILqYtmqwcidVowVzKQwECcsojvGJjSqkUBZbHQlMUOzsCrZRcWMlEqrbiLnkizXSnODHRTyVdUPsOCCoTHXmGSj.pkg;1500160;;;JP
JP0738-NPJR90007_00-ALOTHEME00000053;3;AngelLoveOnlineカスタムテーマVol.50 (JP);;MISSING;http://zeus.dl.playstation.net/cdn/JP0738/NPJR90007_00/GmXJbplYnnXxPvszafcwBcvABoDcgbbmUxDhCqjfBSCGYiiDtbzLwBpgyygbFaXTtlUcqMHFUDmIuXJQorpIAyCDaNtCvEBHEqnml.pkg;1397552;;;JP
JP0738-NPJR90007_00-ALOTHEME00000073;3;AngelLoveOnlineカスタムテーマVol.70 (JP);;MISSING;http://zeus.dl.playstation.net/cdn/JP0738/NPJR90007_00/UauvNhvUspZglVRPLeqhWnBmltDvedYgfCHhVguhpphzWONragsXlIvnpGthARAIcOSZntsDsSPWgHtEZMGDGTyholUEdcGuOtNFY.pkg;1013792;;;JP
JP0738-NPJR90007_00-ALOTHEME00000072;3;AngelLoveOnlineカスタムテーマVol.69 (JP);;MISSING;http://zeus.dl.playstation.net/cdn/JP0738/NPJR90007_00/KZmfxwHznysTPcDEbQFpAjKrAyiArQisYapqBrGhOTlWoxpIKTjsZAawrOvKKXXVPTOAzAwPyKoIcwasxZwxZJIXPGcagtkcYGtTx.pkg;1312880;;;JP
JP0738-NPJR90007_00-ALOTHEME00000070;3;AngelLoveOnlineカスタムテーマVol.67 (JP);;MISSING;http://zeus.dl.playstation.net/cdn/JP0738/NPJR90007_00/KjAlsYHrjvBVQjbOsYlquViFKsLBaVlmVJStMYOyxnLAIpSpipevohbNxTrKeHuIFnXWGLxvPiBdyxyQBPQnfaYIMNOwZBtvajukO.pkg;1278592;;;JP
JP0738-NPJR90007_00-ALOTHEME00000068;3;AngelLoveOnlineカスタムテーマVol.65 (JP);;MISSING;http://zeus.dl.playstation.net/cdn/JP0738/NPJR90007_00/tfHcpWKGlColoOukxmhBDBcRWuPgIWzaJzHEWkHjQIOzLtzTjCthytfpPhSjpFIEKfeqXsHBmwAtJvphlXmQgROcqWeVhyZKjBLHN.pkg;977936;;;JP
JP0738-NPJR90007_00-ALOTHEME00000067;3;AngelLoveOnlineカスタムテーマVol.64 (JP);;MISSING;http://zeus.dl.playstation.net/cdn/JP0738/NPJR90007_00/VJfozCnfgxDWOKltWxYGPOkGDQJqRzbTPnaHvfmpGhcUKwGfOzERWMIHsjwjisTvkYLtYFUTEXiLJzMyyVkOyNeVCTAVSinPoFRHI.pkg;1889152;;;JP
JP0738-NPJR90007_00-ALOTHEME00000066;3;AngelLoveOnlineカスタムテーマVol.63 (JP);;MISSING;http://zeus.dl.playstation.net/cdn/JP0738/NPJR90007_00/JtoiXclCjCiLHGEVBLYTUFEIqVvXAPbReSsGubYkWMIJAKeZZtxxOnPNKnKqFKCgXZuZiGBFjJcxQfrBUoTIvsEhenNMrvibuGYpn.pkg;1253488;;;JP
JP0738-NPJR90007_00-ALOTHEME00000065;3;AngelLoveOnlineカスタムテーマVol.62 (JP);;MISSING;http://zeus.dl.playstation.net/cdn/JP0738/NPJR90007_00/KjmwFLPAwcbizrSlfHaObGBelTOTqWzIjCxGFucYEWkvMfWAnuLcJEHtFNVKYpWwohIbUIAlCYoAHIinZgOwvGbhkTeaerTcGKPwZ.pkg;1323264;;;JP
JP0738-NPJR90007_00-ALOTHEME00000064;3;AngelLoveOnlineカスタムテーマVol.61 (JP);;MISSING;http://zeus.dl.playstation.net/cdn/JP0738/NPJR90007_00/KMfhQXVpvizeGhDxxjTcLOMDEvxvlhIwjMNWkeQpRqAHBKTDVPxOJixPIkschuLHYcBfMacDTQnzwqtVpXkbOwVpaKDzIKCLzyoiF.pkg;1018944;;;JP
JP0738-NPJR90007_00-ALOTHEME00000051;3;AngelLoveOnlineカスタムテーマVol.48 (JP);;MISSING;http://zeus.dl.playstation.net/cdn/JP0738/NPJR90007_00/lUHnLqyEcRDNKJQmTtQKAkECDCJAYsekVzkBaaYMKtVnzQrwsFuVMLwDRWyImgdIaKujUILVHBwibNAhnDylsPNmkhsWSPMqeODoY.pkg;1557744;;;JP
JP0738-NPJR90007_00-ALOTHEME00000050;3;AngelLoveOnlineカスタムテーマVol.47 (JP);;MISSING;http://zeus.dl.playstation.net/cdn/JP0738/NPJR90007_00/PWkjrcjHjUiJDuMuagUsaECBGlqTsQbcPzBZkvoMWAGEoIBcdVNAfrSBRhPpNDaFPuGUPMxInsTzibuGabaeffhLsSsStwnFSMUDx.pkg;1621664;;;JP
JP0738-NPJR90007_00-ALOTHEME00000062;3;AngelLoveOnlineカスタムテーマVol.59 (JP);;MISSING;http://zeus.dl.playstation.net/cdn/JP0738/NPJR90007_00/mNhzfMbOnXubXqRorfbNPJjrsoLyVPRmALvOyrLGSmdUJhyFzxbArwHYtVkjLrKBDporqfySchbZJUhGdcsZDRwJyGxzmzOXsbojv.pkg;1742736;;;JP
JP0738-NPJR90007_00-ALOTHEME00000060;3;AngelLoveOnlineカスタムテーマVol.57 (JP);;MISSING;http://zeus.dl.playstation.net/cdn/JP0738/NPJR90007_00/djfMMMEhRWQaGnJgVznESYvfvemQwTphcOTmVhdUsunsVJQPVnoIabkgZfcMReQUxOLDCArneMuyGHATeUOAMyilajBTMwhXihUyg.pkg;1356400;;;JP
JP0738-NPJR90007_00-ALOTHEME00000059;3;AngelLoveOnlineカスタムテーマVol.56 (JP);;MISSING;http://zeus.dl.playstation.net/cdn/JP0738/NPJR90007_00/JsIMFyvQQXVyLiFAPedLhpaAjHUSCLiKypfIeYOmujazNfuFufhmTMlJegUDrkemdYgAlRvWIKeKgCzXplbNizYukrShKkwjBFmPk.pkg;1335296;;;JP
JP0738-NPJR90007_00-ALOTHEME00000058;3;AngelLoveOnlineカスタムテーマVol.55 (JP);;MISSING;http://zeus.dl.playstation.net/cdn/JP0738/NPJR90007_00/TOaIVORWgkZcAgJwcecqWErEetPmsBcZRKzGiBNIFpSdYzzkjfFniefCjGyZkgbiOYZYMJETBnyYVzBFXJNwmtZNlfnMeAwAWInLK.pkg;1299264;;;JP
JP0738-NPJR90007_00-ALOTHEME00000057;3;AngelLoveOnlineカスタムテーマVol.54 (JP);;MISSING;http://zeus.dl.playstation.net/cdn/JP0738/NPJR90007_00/uCgNpLxbYjInpNRKbApFaWzgHnnwuQuJLbJIymyBXlhwjRMkBfrvnxbrfyoJwterflusFxFBcgZQwVrrfrJPgnqusNLgrqWztsxHg.pkg;1867680;;;JP
JP0738-NPJR90007_00-ALOTHEME00000056;3;AngelLoveOnlineカスタムテーマVol.53 (JP);;MISSING;http://zeus.dl.playstation.net/cdn/JP0738/NPJR90007_00/KqfLnVXYKQZMOLvBGYYONxTsXVKRXZTNxrWugBeIrpcXXsBddgfEZqSeLMEJqLusJaNFqPKRnXJwJoiebMmqJKRlukmhKsnieDJDp.pkg;1350080;;;JP
JP0738-NPJR90007_00-ALOTHEME00000055;3;AngelLoveOnlineカスタムテーマVol.52 (JP);;MISSING;http://zeus.dl.playstation.net/cdn/JP0738/NPJR90007_00/ClmVAsEhSQhPTAOJyZFXtPhfEQVoCBdZParTiBtwDGusHVuVKHjGBeONNHuACpxmddmXpeeseuaQLQbZVHCPGvNHhADtaZJMOEnbB.pkg;1745168;;;JP
JP0738-NPJR90007_00-ALOTHEME00000054;3;AngelLoveOnlineカスタムテーマVol.51 (JP);;MISSING;http://zeus.dl.playstation.net/cdn/JP0738/NPJR90007_00/QHvHwpSTXlDnmfqftnfzkuTgePEPbmQCgzPcrXhEoPxgdfYMyZlPKMTAjaLzMLpHQRizkKTHulzwWveUewrXLSUHWXXLoEvyArFfJ.pkg;1097776;;;JP
JP0738-NPJR90007_00-ALOTHEME00000052;3;AngelLoveOnlineカスタムテーマVol.49 (JP);;MISSING;http://zeus.dl.playstation.net/cdn/JP0738/NPJR90007_00/jaREbhHlfuvulnugUcCLXpPMirIUcEBhiiUQjgmgUaaqnZCdvlXUHPSbKEXkNvURUItmpWaDWdXWdXUetFVsUzZOxeujnSMuEQhwK.pkg;1363472;;;JP
JP1070-NPJR00042_00-ASCT000000000002;3;エンジェル戦記 カスタムテーマVol.2 (JP);;MISSING;http://zeus.dl.playstation.net/cdn/JP1070/NPJR00042_00/JP1070-NPJR00042_00-ASCT000000000002_bg_1_b7c2260522aa3895d89b299e24827a7d3c72dbd6.pkg;1637712;;;JP
JP1070-NPJR00042_00-ASCT000000000001;3;エンジェル戦記 カスタムテーマVol.1 (JP);;MISSING;http://zeus.dl.playstation.net/cdn/JP1070/NPJR00042_00/JP1070-NPJR00042_00-ASCT000000000001_bg_1_e0f9eab106b442907bfdc981d9f7c6fb85047c0f.pkg;2398816;;;JP
JP1070-NPJR00042_00-ASCT000000000003;3;エンジェル戦記 カスタムテーマVol.3 (JP);;MISSING;http://zeus.dl.playstation.net/cdn/JP1070/NPJR00042_00/JP1070-NPJR00042_00-ASCT000000000003_bg_1_2b67708be8cd389e7dc38e5b509c8b72e68f35b0.pkg;1189440;;;JP
JP0036-BLJM60248_00-THEMEAH300000001;3;オリジナルカスタムテーマ (JP);;MISSING;http://zeus.dl.playstation.net/cdn/JP0036/BLJM60248_00/qIvmNDeekvcissmdMkzPqXHbAyIWQWoiINfNiWynmucmacPCmvgSCGMYHztPzJSDupueOnLmqTpKjLnUqEREXVLqcYwoWYDrybPOI.pkg;18352512;;;JP
JP0394-NPJR00023_00-0000000000UNCT00;3;うみねこのなく頃に　カスタムテーマ　ベアトリーチェパック (JP);;MISSING;http://zeus.dl.playstation.net/cdn/JP0394/NPJR00023_00/nMAgqXODVlIhXuDRqkVPpGHnRoOLIJTjRyhrFFveDvvhGdzmDwMAYEHNkuXNqEIKBHtrpAYPsWKAtCRcXrcmnbOxaynZouWqUXoHJ.pkg;6477840;;;JP
EP9000-NPEO00154_00-300MOV00000FR002;3;'300' Pack de thèmes (EU);;MISSING;http://zeus.dl.playstation.net/cdn/EP9000/NPEO00154_00/kwuWjACZiZlMlCXUgkYgCngrFxWoUocoTTgnyMbZGcdtsXoXbjaVqhIQODueCSjV.pkg;1005632;;;EU
EP9000-NPEO00154_00-300MOVDYN00000FR;3;'300' Pack de thèmes (EU);;MISSING;http://zeus.dl.playstation.net/cdn/EP9000/NPEO00154_00/iUbrhQoDzcwrTPREYKILYxZdlqnZKEkEknSHXtDrRMCQZGcmbSwWiiGyGIRAdrbK.pkg;6001216;;;EU
EP9000-NPEO00154_00-300MOV00000FR001;3;'300' Pack de thèmes (EU);;MISSING;http://zeus.dl.playstation.net/cdn/EP9000/NPEO00154_00/BrIJbfSFFKCavVQVpWvAspjsasTjeoDhsWPLLkHVmpWjAJSgQkRXdpGIoflrTWoG.pkg;974960;;;EU
EP9000-NPEO00154_00-TADSALESHANGDYFR;3;Thème dynamique Hangover 3 (EU);;MISSING;http://zeus.dl.playstation.net/cdn/EP9000/NPEO00154_00/BWVYgAVXyBLBrRYSngNobOppaUoHagMudSmqiPFujycHjgVBiCttUXlhpKLJopSW.pkg;9526368;;;EU
UP9000-BCUS98233_00-UNCHRTD3FHCTHEME;3;UNCHARTED 3: Drake's Deception™ FORTUNE HUNTERS' CLUB Theme (US);;MISSING;http://zeus.dl.playstation.net/cdn/UP9000/BCUS98233_00/BaCrDjZiHdQvpCHACVPWkJuclARWwYgximMZwrAJVPTdYPUlPgujmyrMyRodcVEPKBHHSPkqqkcwEBUKwvHqWqlVagaywWoGCmmOw.pkg;3174144;;;US
UP9000-NPUO80996_00-GREATAWAITSDYNAM;3;Greatness Awaits™ Dynamic Theme (US);;MISSING;http://ares.dl.playstation.net/cdn/UP9000/NPUO80996_00/LCItxgrNkTMBiTyWoJJeRjunCNEJLgevfFQNdFrEbAJSahCWyaqidyeZLbJstCzexhhoKeJMkoEjsrjyHoWdiwnEnJJrrLzbvARmA.pkg;4057744;;;US
UP9000-NPUA30153_00-RAINPS3STHEME001;3;rain™ Theme (US);;MISSING;http://zeus.dl.playstation.net/cdn/UP9000/NPUA30153_00/HfjyxFzxBpjDoozSujyeChtwdvkUVoCzBSTpLLIqVvToehxvIGxFffFJMGZjgGqm.pkg;1362384;;;US
UP9000-NPUA80719_00-RAINPS3DTHEME001;3;rain™ Dynamic Theme (US);;MISSING;http://zeus.dl.playstation.net/cdn/UP9000/NPUA80719_00/cJsfwOEowRwNMYBgnJdfQwwPAPGsROXGqLGkjZnEqvUUgqKNnLXUihjUWwsfJCmm.pkg;6574128;;;US
UP9000-BCUS98296_00-STOTHEME00000000;3;Gran Turismo® 6 Pre-Order Theme (US);;MISSING;http://zeus.dl.playstation.net/cdn/UP9000/BCUS98296_00/OnwdLvKAOfnROHEHRLwPRRSfdLGmMAnqXuozKnxVQowgqZrLMcpxowPCuTjzCGRV.pkg;2066304;;;US
UP9000-NPUA80551_00-SARUTHEME0000001;3;PlayStation®Move Ape Escape™ Dynamic Theme (US);;MISSING;http://zeus.dl.playstation.net/cdn/UP9000/NPUA80551_00/yOpkJuNyvapydiHxIAQnIqNtBIlckZefNhrgIBEPXDbSOHsJcOZcKfebrqBjXTJvXkxsPySooRSRPYlyWqllxdAUPcTqPaJlJPBtR.pkg;3383088;;;US
UP9000-BCUS98111_00-GOW3711THEME0002;3;God of War® III PS3™ Theme - 7-Eleven (US);;MISSING;http://zeus.dl.playstation.net/cdn/UP9000/BCUS98111_00/Ecy7hvmhKOIEim3MSNFNXGX36eHHSBquusQAQsbN5wHqh2W4StubIuQnXBGXl1EJVWHI8GyxxTw0GrCVIHUPJFWc6KyaTkN8Fp5b5.pkg;1142512;;;US
UP0102-BLUS30270_00-THEME00000000001;3;Resident Evil® 5 Customizable Theme Pack (US);;MISSING;http://zeus.dl.playstation.net/cdn/UP0102/BLUS30270_00/8maE7L4J7YEIbaPBi2KO3VR6G1WsHhqjADQBXQkDRg62nDT1bbUmbFqNTfPBKC0d7WLW4RnQbgYA2SiJh8PNcQB2gdoViXtYOxA8K.pkg;8997440;;;US
UP9000-BCUS98111_00-GODOFWAR3DYNAMIC;3;God of War® III Kratos Dynamic Theme (US);;MISSING;http://zeus.dl.playstation.net/cdn/UP9000/BCUS98111_00/FtLDLpA5vKIMgDIxP3IGsgMUBhlAmd41YfM9ppw4ENqaLKxi7edRGww2SMq1HvLBb4M9nbbSbB1nddWFHoC8T6qRC6iNLpGpj4344.pkg;3313760;;;US
UP9000-UCUS98737_00-TGODOFWARG000001;3;God of War® Dynamic Theme (US);;MISSING;http://zeus.dl.playstation.net/cdn/UP9000/UCUS98737_00/yj41UiYSEw1vhaAD1E3Mqm7mo3w5CNnW3tSQuWCIEr604YF9WprYqKATxSowqpPOmWlbmQesXVTwH6QdXdbU36GQEEcke02ihT9Ao.pkg;4410752;;;US
UT0016-NPUO00010_00-WALKINGDEADTHEM1;3;Walking Dead Theme (US);;MISSING;http://zeus.dl.playstation.net/cdn/UT0016/NPUO00010_00/SXAnCRjYlbYXunIEzARzNqyeMdytnuSSnGrlEZNKHrDXQIqvqXtSDLKLpuNKUKJtqeElRIhaYGHaUGbsjtLcbtfbbKCdPWFrMYdwp.pkg;2757456;;;US
UT0001-NPUP00001_00-DP1ANSTK1HELLRID;3;Anne Stokes: Hell Rider Dynamic Theme (US);;MISSING;http://zeus.dl.playstation.net/cdn/UT0001/NPUP00001_00/uqYfdyjnqPKqttfaYVjVEDhFSjtxZrZKHMppCdSuYRSDfLAKjpUnRTrVBmCbiGdDJgKoCtmWpcOTfVwqAWIwECoAsdtXlWzNRpFqY.pkg;9402064;;;US
UT0002-NPUP00002_00-CRYPTKEEPER00001;3;Crypt Keeper Dynamic Theme (US);;MISSING;http://zeus.dl.playstation.net/cdn/UT0002/NPUP00002_00/bGQxhxBefLoGFCKzfJclMXKAbrmsWXqyxrqbOOsUSuAQDoLsWhtflVymcrslZrtxwCAyZmrVoDUFtWGGUkJCUrlvAVDNHcYrFlero.pkg;8698064;;;US
UT0001-NPUP00001_00-DP1CLK1AQUARIUM1;3;Clock: Aquarium Digital Dynamic Theme (US);;MISSING;http://zeus.dl.playstation.net/cdn/UT0001/NPUP00001_00/oWYLFQGivAPiXylxWoaIyYodvspaJQyRJxqxCZuWrrdNBAOrzZSwgmitbPnpeXGeMYBkWWnDkxfWxEXUAcsJlhGFhQqFpPqPYjSOm.pkg;5125632;;;US
UP0102-BLUS30855_00-RE6CHINAINVASION;3;Resident Evil® 6 China Invasion Dynamic Theme (US);;MISSING;http://zeus.dl.playstation.net/cdn/UP0102/BLUS30855_00/qGSffxnGqZDXiPQSysOAuooviESqqijkswWPeLJkEtwLicRsbGfdEnXkpsnYZWuY.pkg;4672720;;;US
UP2026-NPUB31210_00-THEMEPS3UX000031;3;Poker Night 2 - Freelance Portal Premium Theme (US);;MISSING;http://zeus.dl.playstation.net/cdn/UP2026/NPUB31210_00/dtZGXkNGdQDHcPdgtzDDHEkTtLfUtmKJrkaAtJriyuEqQrHIMHdLmLccYIdQragX.pkg;3545888;;;US
UP2026-NPUB31210_00-THEMEPS3UX000028;3;Poker Night 2 - First Date Premium Theme (US);;MISSING;http://zeus.dl.playstation.net/cdn/UP2026/NPUB31210_00/bGkbVdOMEUPljcXfNaJrLahhyusYqbRPnpjruAGNqByKaqigWRfFaAzmyGlRWbRk.pkg;3354256;;;US
UT0001-NPUP00001_00-DP1ANSTK1EVILCLO;3;Anne Stokes: Evil Clown Dynamic Theme (US);;MISSING;http://zeus.dl.playstation.net/cdn/UT0001/NPUP00001_00/mQFYgXoMMRaRAklLpKmAJRGGPPALZepIkciZELPgfHFqhHatVXPAvtWEGZFZBdaoVmgHFnFylohbhsujCHMQRkERoURBFoNKNgBBI.pkg;4258928;;;US
UT0001-NPUP00001_00-DP1ANSTK1FINALVE;3;Anne Stokes: Final Verdict Dynamic Theme (US);;MISSING;http://zeus.dl.playstation.net/cdn/UT0001/NPUP00001_00/dCuapozfQKadgZrAOhjwoMrBfSnPaHECtdKzIcFJQibDiDRQglWrPOMljfInXTjzXMVYNbnLSUCNcwZVskkXDChmbsxedYOyUwdAi.pkg;6327232;;;US
UP0001-BLUS31465_00-ACROGUEPS3THEME1;3;UNKNOWN TITLE (US);;MISSING;http://zeus.dl.playstation.net/cdn/UP0001/BLUS31465_00/tueBTWBMMcAdSwCozPuTCaVHtkVRCSySHBHbRMDgqUMvgngGenuMMnaCqIgfIoDd.pkg;2119280;;;US
UP0102-BLUS31218_00-USF4THEME0000001;3;UNKNOWN TITLE (US);;MISSING;http://zeus.dl.playstation.net/cdn/UP0102/BLUS31218_00/YIRKHCxWHrvmUhMaeEYcjFaExHCKjeiSBcFEqOlpNgzeUQACdkaTFbkOqIHwtwcx.pkg;1578800;;;US
EP9000-NPEO00146_00-TLITTLEBIG000001;3;Tema di LittleBigPlanet™ Karting (EU);;MISSING;http://zeus.dl.playstation.net/cdn/EP9000/NPEO00146_00/huBwWowsiYbNCNXzTtNHjWvAOmfqmWEzLUGDMnnKilDebEHYPWCyaBHGJBuZfwma.pkg;2099296;;;EU
UT0017-NPUP00061_00-HUNGRYEYES000000;3;UNKNOWN TITLE (US);;MISSING;http://zeus.dl.playstation.net/cdn/UT0017/NPUP00061_00/LAxnlBAFzYJAuyoJtxihwzthyRjUxeMpvwotZdSPATMulbUqekJLplqJYSBHUSQMwEGuHVBXbjvQwseBgRtboEbRnWqkflXcDsoLz.pkg;4063280;;;US
UT0017-NPUP00061_00-FLICKER000000000;3;UNKNOWN TITLE (US);;MISSING;http://zeus.dl.playstation.net/cdn/UT0017/NPUP00061_00/gbFNPzaKFKWIjDFugTkfbJKfyCLqrTIKUNUuikwPnixwaNvgamzaiRwjKkFKIJgYtemZVdDRzYlnazFTudheECURjtAUAZrRaSALj.pkg;3264848;;;US
EP9000-NPEO00110_00-TPIXELJUNK000001;3;PixelJunk™ Shooter - Part 2 Dynamic Theme (EU);;MISSING;http://zeus.dl.playstation.net/cdn/EP9000/NPEO00110_00/XhfKerFZRHWECmdqiYnRShgdbKWMiYVzwoLqPxFJreSZOQfyAduKOVzMFUOomWZj.pkg;1282352;;;EU
EP1063-NPEP00086_00-TARTONELIC000002;3;Ar tonelico Qoga Custom Theme 'Tree' (EU);;MISSING;http://zeus.dl.playstation.net/cdn/EP1063/NPEP00086_00/mFgQnYQoKexQsihiAXNwNrbFcvfibFCHKYlprGejLdsrsVnxLarqKnZxcGxEKxlB.pkg;2915824;;;EU
ET0001-NPEP00026_00-DP1ART1DRACO0000;3;Draco Theme (EU);;5a14baed62ccf8a651959d54045d0b52;MISSING;0;;;EU
ET0001-NPEP00026_00-DP1ART1CREATION0;3;Creation Theme (EU);;8b93c43cd47b906f34b4933d406b01eb;MISSING;0;;;EU
UP1004-NPUB31154_00-GTAVDIGITALTHEME;3;Grand Theft Auto V™ Pre-Order Theme (US);;MISSING;http://zeus.dl.playstation.net/cdn/UP1004/NPUB31154_00/jEnFxzeDTLsiHSXUXQoouXvIMyMaFfhgxtAsINAVSBNFCZjsywwNtTwXcLRPtYSr.pkg;1232992;;;US
UP1001-NPUB31343_00-WWE2K14PRETHEME1;3;WWE 2K14 Pre-Order Theme (US);;MISSING;http://zeus.dl.playstation.net/cdn/UP1001/NPUB31343_00/sWXiUqbizDQcEahGlATFosGfuIVJKGfcFvEaeUdMOYtZtvVeIYnebndXGdArPtiX.pkg;1488944;;;US
UP2611-NPUB31848_00-PERSONA5THEME002;3;Persona 5 Morgana Special Theme (US);;MISSING;http://zeus.dl.playstation.net/cdn/UP2611/NPUB31848_00/UP2611-NPUB31848_00-PERSONA5THEME002_bg_1_ef46192f9851339e277bef9f514162d2dcb91d1f.pkg;1269776;;;US
JP0700-NPJR90029_00-A003X00000000000;3;「テイルズ オブ エクシリア×アイドルマスター２」コラボレーションカスタムテーマ (JP);;MISSING;http://zeus.dl.playstation.net/cdn/JP0700/NPJR90029_00/KDhqcrQQwhhKRYHEelBHTvcLBWSfdMMqCOoXelbkicGoglwaXJLQqlFvaxuxfTlXOFRxqPbVYmrMAwbgFGymlVWeNMmzoZDJMmXfO.pkg;1145856;;;JP
JP0700-BLJS10188_00-SPECIALTHEME0003;3;コンプリートキャンペーンカスタムテーマ（ミュゼ） (JP);;MISSING;http://zeus.dl.playstation.net/cdn/JP0700/BLJS10188_00/BRKnlCTQdOQkcScfxShgCmOYYrsQoyvCaAALBhJXklexKPmHxAeMApFycSVrZiulYnmFjTjLrulOTcDZRyhQNitGPYEzGWGwULirF.pkg;1224688;;;JP
JP9002-NPJQ90026_00-5MILLIONPS300004;3;500万アカウント達成記念キャンペーン 『ワイヤレスヘッドセット（品番CEJH-15002）』応募券（カスタムテーマ） (JP);;MISSING;http://zeus.dl.playstation.net/cdn/JP9002/NPJQ90026_00/BcpM4nHjVlLfRsPe3HJm7UlYWAex29lWSeB2uwJ9RLj4SCYclRTI8E4Ky88BXkYwptm2empKdmS968NpOjsKWhwAD3G9vwEnOtWhj.pkg;268464;;;JP
JP9002-NPJQ90038_00-PSPLUSTHEME11001;3;Snowman ダイナミックカスタムテーマ (JP);;MISSING;http://zeus.dl.playstation.net/cdn/JP9002/NPJQ90038_00/QbvvMDDgeILrVBzooALMKlKkJLZfZmgFORlAFuezzTWtUNvBSfVJjXTtYaqKbMsUgRgqqkElFtSrcZcCUPKsLFbEMaukTaVEIBXmp.pkg;9032448;;;JP
JP9002-NPJQ90038_00-PSPLUSTHEME11007;3;Chinese Year Of The Rabbit ダイナミックカスタムテーマ (JP);;MISSING;http://zeus.dl.playstation.net/cdn/JP9002/NPJQ90038_00/BjdapUTqtopKWmQenVQixjMRGfRfiqEBWVDWMDAIWLtONoSHkzphpOJQbERiICpbTrSDvlsAeKAtoFMlqvRhRasXIbzXgvIZyipwb.pkg;3559824;;;JP
JP9002-NPJQ00025_00-0000000000000000;3;東北地方太平洋沖地震災害支援（こちらの売上は全て赤い羽根共同募金に寄付されます）(カスタムテーマA) (JP);;MISSING;http://zeus.dl.playstation.net/cdn/JP9002/NPJQ00025_00/mAGyJqiRAdJrodHEiLdFmiBBKIffvdUxtBFnlXfIAeHOVgFjeYoEUnMdZYjXoHfqgFTTUSqUTScWiDpRtsQYzTuOEXnJWQdgONxEt.pkg;1010256;;;JP
JP9002-NPJQ90038_00-PSPLUSTHEME11004;3;Lava Lamp - Red and Blue ダイナミックカスタムテーマ (JP);;MISSING;http://zeus.dl.playstation.net/cdn/JP9002/NPJQ90038_00/RynIBKjvwZeuhPdPHZQDBvsRwqSbmejbCauIdCAhjTeWsMAWVQGkglrenxNJwOSNZiTqFNYUklFqsSPdwRkFUFHetciafQBmatSPQ.pkg;1269376;;;JP
JP9002-NPJQ00025_00-0000000000000001;3;東北地方太平洋沖地震災害支援（こちらの売上は全て赤い羽根共同募金に寄付されます）(テーマB) (JP);;MISSING;http://zeus.dl.playstation.net/cdn/JP9002/NPJQ00025_00/bdSHSlIybkeFYZkQtlbDCCPsLXfERNQsAqOxqpcfmEwxBAZkESmOqlCOPZqNOBDapqbXcuIGmqkXybqFfXfRJtQzsRthyMOTUCERZ.pkg;1384928;;;JP
JP9002-NPJQ00025_00-0000000000000002;3;東北地方太平洋沖地震災害支援（こちらの売上は全て赤い羽根共同募金に寄付されます）(テーマC) (JP);;MISSING;http://zeus.dl.playstation.net/cdn/JP9002/NPJQ00025_00/HGPxEobCeEKPcmorrbWoNfeoldCgSleDkPHXxiYHKJeqvMTKMyUbHdkQGAnQIuDnMHXyxqvHclYgUCnKPzpfCXzaDIIFoPsSHKlYn.pkg;1215968;;;JP
JP9003-NPJQ00027_00-EVANGELION100001;3;ヱヴァンゲリヲン新劇場版：序　カスタムテーマ (JP);;MISSING;http://zeus.dl.playstation.net/cdn/JP9003/NPJQ00027_00/CdhKjlwIQmjYSPSxRCnsbEVffMPDDNFDuRjUIjGeAvvCuZxbCTpBwrNopXENDXZfjZJhDCdjhhFYBwwuTpaRgArVVnZSxhEmRDcVW.pkg;11607232;;;JP
JP9002-NPJQ90038_00-PSPLUSTHEME01111;3;GiantRobotBattle ダイナミックカスタムテーマ (JP);;MISSING;http://zeus.dl.playstation.net/cdn/JP9002/NPJQ90038_00/YEWoGppFEUDsplvsGGXLSViqduqlVvbaiDMwlxGhaoUASINoBjmHtHboIydJFTclWxMsEfvnTeqZddMtlCNXrBgvYfVYyxGuLjOBA.pkg;10170064;;;JP
JP9003-NPJQ00027_00-EVANGELION200001;3;ヱヴァンゲリヲン新劇場版：破　カスタムテーマ (JP);;MISSING;http://zeus.dl.playstation.net/cdn/JP9003/NPJQ00027_00/mSlLWNPcLUwDalYSWMsmqZvXdDOVdBucavliyxjPKGkpLuhZxBMPUemirKKqYJkbrXXnsHSELvDNYBLXACYuJuLnNqzUtpdrbfKJD.pkg;10003072;;;JP
JP9002-NPJQ00030_00-0000000000000000;3;第44回「愛の泉」募金 カスタムテーマ（こちらの売上はソニー企業株式会社を通じて全額寄付されます） (JP);;MISSING;http://zeus.dl.playstation.net/cdn/JP9002/NPJQ00030_00/hrrrGzbcoNXzGMezmgtNEFHFKDWlxesBWrKqNuckTiGewNGHOFxuiPEzSLFcoJdTeGSxYCeZDrHjtFTrIIfnQermMMYoBEzzcwPUJ.pkg;622144;;;JP
JP9002-NPJQ90038_00-PSPLUSTHEME01112;3;Fire ダイナミックカスタムテーマ (JP);;MISSING;http://zeus.dl.playstation.net/cdn/JP9002/NPJQ90038_00/tRhSWvBdSzANKIkinPkRxKUOvVHQjeXepCjjKsWDwnDxmSkmgdNlIduXqmienSzsZyCMyOAoOWVIvOtmwiKseAFmReWzyiYXlPnjk.pkg;3937664;;;JP
JP9003-NPJQ00027_00-EVANGELIONSTORE1;3;EVANGELION STORE TOKYO-01 カスタムテーマ (JP);;MISSING;http://zeus.dl.playstation.net/cdn/JP9003/NPJQ00027_00/cbRGRcIZfUcsqLwZTPpkTcEPflpIbxsxFefYOKnMVngMYuKHCfCiPXThYVJTHTzINvkZQmZVeBjBGkTCqyQMCoVmVJFNXBRjyOJeH.pkg;1822176;;;JP
JP9002-NPJQ90038_00-PSPLUSTHEME01202;3;Cuckoo Clock　ダイナミックカスタムテーマ (JP);;MISSING;http://zeus.dl.playstation.net/cdn/JP9002/NPJQ90038_00/dVlhcjVNrTjjeVNXZMEXadugOQYaEhFzOigDzpQCdzjTFQzrATyRptvlJgLNXoaMcQnrARtndFCmbuxPVoQGdOeLcjSdCLZOoIFsz.pkg;6128592;;;JP
JP9002-NPJQ90038_00-PSPLUSTHEME01201;3;Snowfall ダイナミックカスタムテーマ (JP);;MISSING;http://zeus.dl.playstation.net/cdn/JP9002/NPJQ90038_00/XHHoaljycuJlDRQRgmUmJqPlkoNXyqQVwkoPiWkowpvQGTDxmStMYjrKrWjqoMFewkpHmqycVuegMdnGBHECuYVyLwnHHYtVtRogq.pkg;13141072;;;JP
JP9002-NPJQ90038_00-PSPLUSTHEME01299;3;キャンペーン用限定 ダイナミックカスタムテーマ (JP);;MISSING;http://zeus.dl.playstation.net/cdn/JP9002/NPJQ90038_00/SPVjjeVcKAnVtNqvENfuiwCjRARFvRBLiVuspFhijZDQPSWqmifgAyqlQhWdZKrOoumEepiCSOoDUvjVrQYRFiTjolFTiroHjpKfR.pkg;595920;;;JP
JP9002-NPJQ90038_00-PSPLUSTHEME01203;3;JellyBeans　ダイナミックカスタムテーマ (JP);;MISSING;http://zeus.dl.playstation.net/cdn/JP9002/NPJQ90038_00/qCnplddmRQdfzEqtRzVJzUnaunwgWLxlXqBMKOrrpvcOQJRjFuEzGKvyRrBasbQWDmPKohulqYPqUxiWuwKlPFKGyHVpHsUtqqSse.pkg;7976304;;;JP
JP9002-NPJQ90038_00-PSPLUSTHEME01204;3;Car　ダイナミックカスタムテーマ (JP);;MISSING;http://zeus.dl.playstation.net/cdn/JP9002/NPJQ90038_00/XYRmtPywicylVFGPURBnxQsWeUtsqfzBCxezQXdOZUsPsRZLDCtjhCTUQmfCmOUQBatqgcCWwxpWmwHijFcsLUhZiYxLUZthYPzLz.pkg;7007888;;;JP
JP0024-NPJR90011_00-SPELUNKERTHEME10;3;みんなでスペランカー　特典用カスタムテーマ (JP);;MISSING;http://zeus.dl.playstation.net/cdn/JP0024/NPJR90011_00/jcRYNbH4PiW32aueAjsVlNo3Wg83cosNSKXDkO3VBxh6BrXtRFCgfYqpodblKcgwtdRuVd1VO5yxFKrDOGYHXPUqJSdJbNGAaUUgN.pkg;2107856;;;JP
JP9002-NPJQ90038_00-PSPLUSTHEME01106;3;SymbolArt（1） ダイナミックカスタムテーマ (JP);;MISSING;http://ares.dl.playstation.net/cdn/JP9002/NPJQ90038_00/QWBhjoFhdmBmRkzPZIQNOwhaoyxAkrGoErFcgNdlAaVIMhyPjoABPJwNDPpqRbPaAdHIRpTmbwCVzDHhkCtaOahcbasSkFkbXnIbX.pkg;610992;;;JP
JP9002-NPJQ90038_00-PSPLUSTHEME01108;3;Garden ダイナミックカスタムテーマ (JP);;MISSING;http://ares.dl.playstation.net/cdn/JP9002/NPJQ90038_00/RcBBtwUyBwMHICGAPBFKsmxGgMBZyFCvYWhxRxqUppuIaKgCjMfZpLLTZsMSMsilliDQuAJFeROHOzFoGMPnvIBvmDLlbLSTevXJT.pkg;19267312;;;JP
JP9002-NPJQ90038_00-PSPLUSTHEME01109;3;Symbol Flow ダイナミックカスタムテーマ (JP);;MISSING;http://ares.dl.playstation.net/cdn/JP9002/NPJQ90038_00/nfZqygBjVzcFMYDUFyJynnZdXNBJkCgiTMPVwtzPqOZSWkfzAJaFDJhuVzzMfDvUkBMeQrujiOOdaFDqkaTrWYVltoYJUVxpieydM.pkg;4915024;;;JP
JP9002-NPJQ90038_00-PSPLUSTHEME01110;3;Lava Lamp - Yellow and Purple ダイナミックカスタムテーマ (JP);;MISSING;http://ares.dl.playstation.net/cdn/JP9002/NPJQ90038_00/TqOmFhgFHDplLUYqulPlzFKlBHtPOqQBVVXZXesWHaJPVYasWbdDSmZQJuBCajxtVWUwWpRyCCZCUGQhSsQJmSqUQqpTbjvLQqhJt.pkg;1193568;;;JP
JP9002-NPJQ90038_00-PSPLUSTHEME01205;3;Mesh　ダイナミックカスタムテーマ (JP);;MISSING;http://zeus.dl.playstation.net/cdn/JP9002/NPJQ90038_00/jNJTvGzsCiHKKbDPfrejEowpMTvAAjFyHFdwBGnZRuGSFoewkhWfCURjFvvDzPjHMIUKIuksrhchWJogivFRoFsEvXDGSGkbSvKqO.pkg;876400;;;JP
JP9002-NPJQ90038_00-PSPLUSTHEME01206;3;Football　ダイナミックカスタムテーマ (JP);;MISSING;http://zeus.dl.playstation.net/cdn/JP9002/NPJQ90038_00/UtkISgVypIWfTUrHsoxGDfySdbRgDrTjwnAHIVrISaYyeVskueolRYwqCWVaxruUWXyiqqacNjMpJuzGWyJafWkvmzOekcnMRjXAi.pkg;4861696;;;JP
JP9002-NPJQ90038_00-PSPLUSTHEME01207;3;Skulls　ダイナミックカスタムテーマ (JP);;MISSING;http://zeus.dl.playstation.net/cdn/JP9002/NPJQ90038_00/hUOucYOuxmpdLvkHRVbOcbDypGkBIDGyEPfmZVhnPHyNWtucgmRPAWSRBSBYhsltqIoZhtCyEnJcyNdScSvUlFcpSCqGQGkaYOXvZ.pkg;2561328;;;JP
JP9002-NPJQ90038_00-PSPLUSTHEME01209;3;Earth ダイナミックカスタムテーマ (JP);;MISSING;http://zeus.dl.playstation.net/cdn/JP9002/NPJQ90038_00/OUiDjpddleWqFJXEXEFmFxWyIdFbEHFslDGsgeYGnNZfaMKdlxkTfWquuXxNaXCDrylVAFtgXcHEcmqUIEafgfpRzNNFIzjUWZgvv.pkg;4634352;;;JP
JP9002-NPJQ90038_00-PSPLUSTHEME01208;3;Athletics　ダイナミックカスタムテーマ (JP);;MISSING;http://zeus.dl.playstation.net/cdn/JP9002/NPJQ90038_00/RAsBPUmNnyQpRyMuRoGBZfYuQrbLHwdqWxdKBBPkCFvnWiedLAyURjEpsuOfCibomYPtbWglLwLzzByBdTATpiuaIqgaQJggPtmEL.pkg;360144;;;JP
JP9002-NPJQ90038_00-PSPLUSTHEME01210;3;Dragon ダイナミックカスタムテーマ (JP);;MISSING;http://zeus.dl.playstation.net/cdn/JP9002/NPJQ90038_00/LtDCkiBGLiUGisThrKalwZFjlhUxzZxMjOsVDbuDEfcALsfpEMcZdReZwPUngSmeBhzJeZGzHUctViIDYKrIRGRhSJWvbnlLUSTPv.pkg;5691008;;;JP
JP9002-NPJQ00034_00-AINOIZUMI45STORE;3;第45回「愛の泉」募金 カスタムテーマ（こちらの売上はソニー企業株式会社を通じて全額寄付されます） (JP);;MISSING;http://zeus.dl.playstation.net/cdn/JP9002/NPJQ00034_00/cwKeRQKgtegAQNrAzUBICMyKYCWiBZhifARgDcfeSnqtLBLTSERkrOkOeqStBpMWlKuxhRSIaMpGuKiVKjCbtpyLRXMfqumsgtWAS.pkg;4724784;;;JP
JP9002-NPJQ90038_00-PSPLUSTHEME01211;3;Robot ダイナミックカスタムテーマ (JP);;MISSING;http://zeus.dl.playstation.net/cdn/JP9002/NPJQ90038_00/kJSXytyFvqipzNYSuUCxhInTzleQihKkmaaZkjNZcNRoDKvpKKwzTxliSkpGsaNjNNvdDMCnyBhMLWORXJXLVagjmVVRswdRXUbCk.pkg;5711504;;;JP
JP9002-NPJQ90038_00-PSPLUSTHEME01212;3;Winter ダイナミックカスタムテーマ (JP);;MISSING;http://zeus.dl.playstation.net/cdn/JP9002/NPJQ90038_00/FAsXUvjyrOtYokVhXixJTyKbAIDapzxdGUNUDGMWMdkQKErujnMfGmYghkwEQXkbpCKtAdggNUNIFXGhyHtESmDdwNgDnJUKmcuSK.pkg;1083200;;;JP
JP9002-NPJQ90038_00-PSPLUSTHEME01301;3;Lava Lamp 2 ダイナミックカスタムテーマ (JP);;MISSING;http://zeus.dl.playstation.net/cdn/JP9002/NPJQ90038_00/TRcCEniWochxheSdPVrTZjltwtULHpopLkDoPAyDsmHVuvQquuZRLHJIuLsEWXwPFWKTzlkMRnJLsvJxEoVYVCostIftpCWwYETEu.pkg;1185152;;;JP
JP9002-NPJQ90038_00-PSPLUSTHEME01302;3;Stripes2 ダイナミックカスタムテーマ (JP);;MISSING;http://zeus.dl.playstation.net/cdn/JP9002/NPJQ90038_00/pvsXkwFqSJleqNlHiyTLHdqolbNsXHJRCBRoSQJCkATpDnqfoFZuxlHsopbqijxHKgDSGwWilOHNRJNcnhTCgJtuanKcWFtSnxkcS.pkg;1165712;;;JP
JP9000-NPJA00091_00-POIPOIDYNAMTHEME;3;バイキングぽいぽい!!™ダイナミックテーマ (JP);;MISSING;http://zeus.dl.playstation.net/cdn/JP9000/NPJA00091_00/mwIrQhkcRiXQQdVmWNFDAqTSoSUHjxuvWPHRykJDTOtsHKyJkVZjEELgduuyKbZeJYOTapETvwvQUnZiMhxDBAjCKrBEBRGziTAEY.pkg;3798032;;;JP
JP9002-NPJQ90038_00-PSPLUSTHEME01303;3;Abstract Art ダイナミックカスタムテーマ (JP);;MISSING;http://zeus.dl.playstation.net/cdn/JP9002/NPJQ90038_00/PxGKXUTYUGZzIUctHMWizbZawthtZnuknTuuUBeOkwmKcNjMSaVdCqnUvlKNdGnhbPznmfFzmaZktkCslvXUuydrmJfwNcCJGVKpd.pkg;1087728;;;JP
JP9002-NPJQ90038_00-PSPLUSTHEME01304;3;Samurai ダイナミックカスタムテーマ (JP);;MISSING;http://zeus.dl.playstation.net/cdn/JP9002/NPJQ90038_00/GWdPaqfftNnZJybtLjigulgxYkpSlznWcvojDPHLXjxSOerfdxBsmVzakYrPTSpdAFqRRuMZpDREdxOdYNmKFTCvtlOVzkCltAUzg.pkg;2927072;;;JP
JP0700-NPJB00384_00-VIVIDREDTHEME002;3;ビビッドレッド・オペレーションH.I.P オリジナルダイナミックカスタムテーマ02 (JP);;MISSING;http://zeus.dl.playstation.net/cdn/JP0700/NPJB00384_00/qJrhhDxysJSjoDCYRQpSUACHnPXmwDKfTDDgOeHgYdXMhufNeSwPaJYRBoKKCLglkFNXranTUxrBiBQNsrjPDeSArJMTTLrvqcWYL.pkg;1207216;;;JP
JP0700-NPJB00384_00-VIVIDREDTHEME001;3;ビビッドレッド・オペレーションH.I.P オリジナルダイナミックカスタムテーマ01 (JP);;MISSING;http://zeus.dl.playstation.net/cdn/JP0700/NPJB00384_00/HZvzoOLvyJJIPhLVxtVEqhfFXocAboWwwvEMgMkuVJpbQRzQDzfibotgAkpUseqfuhkRgXipHcMpRyNXHWAjvTmjtqhGutNsfztwU.pkg;1132704;;;JP
JP9002-NPJQ90038_00-PSPLUSTHEME01305;3;Chroma ダイナミックカスタムテーマ（PS3®用） (JP);;MISSING;http://zeus.dl.playstation.net/cdn/JP9002/NPJQ90038_00/XNqRgjAdLkdNqmJWVFUPlfKgPmOntVxmBEMyBAezLKgVHhXpyNOiZoZtdPThwBZOtOrRnqJLBPauenthNKgqicORrSFHiWIVhyaKC.pkg;696288;;;JP
JP0700-NPJB00384_00-VIVIDREDTHEME003;3;ビビッドレッド・オペレーションH.I.P オリジナルダイナミックカスタムテーマ03 (JP);;MISSING;http://zeus.dl.playstation.net/cdn/JP0700/NPJB00384_00/mgeFODJpSJIbNDYPZBLgxKYvcknCXkMpZwiINfRYTAfRKYNEdOYgNUsZPCFtdOqiPLaiJScTeCkRAViEuQxuEldkSISdcluOMOjoH.pkg;1228896;;;JP
JP0700-NPJB00384_00-VIVIDREDTHEME004;3;vividred operationH.I.P original dynamic customtheme04 (JP);;MISSING;http://zeus.dl.playstation.net/cdn/JP0700/NPJB00384_00/PHHaWUOHPCQcskIPDVmyjyCZYmrUfFzVMVMiTSASlPbIOQxGhPKRMINrsVSpMJAaDxhJhJBMMKVIVtVdklUQxhtdnjkPXRAcpOGUn.pkg;1086112;;;JP
JP0700-NPJB00384_00-VIVIDREDTHEME007;3;ビビッドレッド・オペレーションH.I.P オリジナルダイナミックカスタムテーマ07 (JP);;MISSING;http://zeus.dl.playstation.net/cdn/JP0700/NPJB00384_00/wEzhyMeZDXUANfmeBUVDMcmQNNXCTmmahAhYqfWNoFgBmTAfgmknUENaqQPjPCGoOzygHqLVkdkHRnkCweIUmFoywnpoDBNKqYeUF.pkg;1212512;;;JP
JP0700-NPJB00384_00-VIVIDREDTHEME006;3;ビビッドレッド・オペレーションH.I.P オリジナルダイナミックカスタムテーマ06 (JP);;MISSING;http://zeus.dl.playstation.net/cdn/JP0700/NPJB00384_00/VkBEQJgemChCoKhdWspXYpPCmdMvmFGwBlEmAXhRqKNPNxKJKFIZrYOENWddgBhKLdVAxHcaOYBrYqvWISLkGYrztWLBZyCAyAMiz.pkg;1094224;;;JP
JP0700-NPJB00384_00-VIVIDREDTHEME005;3;ビビッドレッド・オペレーションH.I.P オリジナルダイナミックカスタムテーマ05 (JP);;MISSING;http://zeus.dl.playstation.net/cdn/JP0700/NPJB00384_00/rvisLRAgSJEptZShBxDszgUSLCdUaFohpsKLAnYupkpVzCiXJnizLCTbHXSlEpzbuzGpHvCYTMXvhlNPVwqZtQTDDPkgxbejbWlhR.pkg;1130944;;;JP
JP9002-NPJQ90038_00-PSPLUSTHEMETOROP;3;PlayStation®Plus購入者特典カスタムテーマ(PS3®) (JP);;MISSING;http://zeus.dl.playstation.net/cdn/JP9002/NPJQ90038_00/rdChHptwVFbLLdSulhohyqvEEMXKvoGnohJzkghLzuzUDhCLaXDMSKJzcMrIKlrmqcXspVZapYOHrMJrreSmwpAHeLXNVBYPhZYth.pkg;1228928;;;JP
JP9002-NPJQ90038_00-PSPLUSTHEME13010;3;PlayStation®Plusスペシャルカスタムテーマ9月分(PS3®) (JP);;MISSING;http://zeus.dl.playstation.net/cdn/JP9002/NPJQ90038_00/LEEoxCmiQtJCjWdquSymWDzHudLaeOcCNmUnkhTPxxzTQpBDhEBCEKeflEIvUjrSpqWAKVTplPyuTyGAflqKPzDohtwkfHPNVKKin.pkg;1039488;;;JP
JP9000-NPJA00100_00-THEME00000000001;3;"rain pre-order exclusive dynamic theme ""Lost in this night"" (JP)";;MISSING;http://zeus.dl.playstation.net/cdn/JP9000/NPJA00100_00/IEAhrNiLsmrNxrWKVHyNUqSNkNouHKakHRQAZNKoNXmuOeloITOwAFWJralytnyxrTTHcRJxFwVryZrCtULRrWsnzaJUMZlGVgLOC.pkg;6571776;;;JP
JP0102-BLJM60518_00-00000000000THEME;3;BIOHAZARD® REVELATIONS UE Custom Theme (JP);;MISSING;http://zeus.dl.playstation.net/cdn/JP0102/BLJM60518_00/eJqLAHnYTRaTnYyGsYXUHqLQAglLhJGLXtEGTgRSlBWbCrpGniJIiFhwEAfpoqeZhvHcFofLcQnZPbxGRMtlMCrHVHPRUHAMhGbry.pkg;2642320;;;JP
JP9000-NPJA00096_00-TLOUCITYDYNTHEME;3;The Last of Us Dynamic Custom Theme (JP);;MISSING;http://zeus.dl.playstation.net/cdn/JP9000/NPJA00096_00/zzKzcHufXTKKAWzMyjwCCWqoIgNVPOWyZskJAtQNAkUSezeLQtEFGsaDoqnJPUGQRJppPnyWLnHqjTmJToGHTvMqFWHEoryMqwZqe.pkg;2487936;;;JP
JP9002-NPJQ90038_00-PSPLUSTHEME13012;3;PlayStation®Plusスペシャルカスタムテーマ11月分(PS3®) (JP);;MISSING;http://zeus.dl.playstation.net/cdn/JP9002/NPJQ90038_00/DcDdbMvlAidGByzJJfaIRDgbERWjzvZZmzqcyWlBCsQPeryzKccajwyGYcnRpxJWWevTuBrepPaRTjyyHynqBYixXzLkhgWVJdDhz.pkg;1981280;;;JP
JP9000-NPJA00100_00-ARTWORK000000001;3;Artwork Collection vol.1 Worldview Keyvisual (JP);;MISSING;http://zeus.dl.playstation.net/cdn/JP9000/NPJA00100_00/ezSTsokZbIlzOXcWqadfEkgnNHTtUJjcTFMRzEJLuGmyUaXLIshVsOsgzbSFTgiAIJlGwnzAGHVYgLnyNlndqyPqPgeSCIXUKZpRR.pkg;10402784;;;JP
JP0082-NPJB00458_00-PS3THEME00000001;3;FINAL FANTASY X／X-2 HD Remaster カスタムテーマ (JP);;MISSING;http://zeus.dl.playstation.net/cdn/JP0082/NPJB00458_00/xwDgWcKKXuvRcjYDjKuvfzwgaCeWCxTvXvuPRLbbvMrdvBulXrRilXiIKSNUOrnDFJpzmnfoluqfhJYMhFXfLxJhGShMDPAZdGiJU.pkg;3024240;;;JP
JP9000-NPJA00100_00-SEASON0000000001;3;季節のテーマ Vol.1 雨のクリスマス (JP);;MISSING;http://zeus.dl.playstation.net/cdn/JP9000/NPJA00100_00/iPibIzkJjatJTPDHHjLwGBeYPkdKByFdxSvQPHosRwBwcBHboluRRBtVaocZUbUIaCSviHMrCLCRXxvJKoicCabdvZGNMVhhIHEUy.pkg;4581120;;;JP
JP9002-NPJQ90038_00-PSPLUSTHEME14001;3;PlayStation®Plusスペシャルカスタムテーマ1月(PS3®) (JP);;MISSING;http://zeus.dl.playstation.net/cdn/JP9002/NPJQ90038_00/qTrkpjrGFlchdGPLXjXxHdMtLVzEmzazWqCuhdrfheVkdSluUICXoLHixZEUOIQxNVjJwHJOjNkqxUFTTQVGODryAIevCSYbhmXzy.pkg;1550304;;;JP
JP9002-NPJQ90038_00-PSPLUSTHEME14002;3;PlayStation®Plusスペシャルカスタムテーマ2月(PS3®) (JP);;MISSING;http://zeus.dl.playstation.net/cdn/JP9002/NPJQ90038_00/zELuFUwXHVNdlAaaanGAtriDDXzvFnCZlGYXDMOLNlYUCjTVJYADtWxzbcltZPUrJmRGBFfDeyoDRwdtuMHbkaepMWTLLVmfOdnYW.pkg;1276944;;;JP
JP9001-NPJA00113_00-THEMEPSPLUS00001;3;PlayStation®Plus特典『グランツーリスモ６』カスタムテーマ (JP);;MISSING;http://zeus.dl.playstation.net/cdn/JP9001/NPJA00113_00/KAtEPVENmCGCyhJTjspBLnySRPpYvXAMeuGjwMaCekwCSCkcGfLlNhgtISmwUXklsZtNLYqwXATPkuwxcwjUydEAFhbfWktSXYLiN.pkg;2365312;;;JP
JP9002-NPJQ90038_00-PSPLUSTHEME14004;3;PlayStation®Plusスペシャルカスタムテーマ4月(PS3®) (JP);;MISSING;http://zeus.dl.playstation.net/cdn/JP9002/NPJQ90038_00/vWFabCRhdQgIlLotTFJdByXsnqRyCdiIQWmMetVWyXMBGTqZIBiDAtvixxyvToXFHuqzQTUqVpnICGNKbCRhYZVubOCHkTjkFvyEh.pkg;2696000;;;JP
JP0082-BLJM60558_00-LRFF13PS3THEME01;3;LRFF13:PlayStation®Store予約特典カスタムテーマ (JP);;MISSING;http://zeus.dl.playstation.net/cdn/JP0082/BLJM60558_00/YGlRnIewIiSaBWiYaWFLuHAToqgFGvnSRYzpjivObymHQOEiIvUelTHFtNoPjxACwitWVdJYgmYZIqPwMRzPKGrJfUllRHzEYujnF.pkg;2643168;;;JP
JP9000-NPJA00100_00-SEASON0000000002;3;季節のテーマ Vol.2 びしょ濡れイースター (JP);;MISSING;http://zeus.dl.playstation.net/cdn/JP9000/NPJA00100_00/YdqzTSybsTHwbuRnbSFfHLcomlhLpnHUPZLqRSKLyuDjHRvwVePcsMQdYIBtpvlVRZMuNnRGavgvpIzfrSFohaeoVusuxIQCOvGwR.pkg;4149296;;;JP
JP9002-NPJQ90038_00-PSPLUSTHEME14006;3;PlayStation®Plusスペシャルカスタムテーマ6月(PS3®) (JP);;MISSING;http://zeus.dl.playstation.net/cdn/JP9002/NPJQ90038_00/YShPbZcUyDZJYZXVIfuqfVGBEALJTsjBSOiKodTHFBWHTPgkPrdsqXXCHkmnOXLzZqazenyuDPUodYwcdVbNbFOrVZKWIXatyAvqS.pkg;1505952;;;JP
JP9002-NPJQ00047_00-047AINOIZUMI2014;3;「第47回愛の泉」ソニーグループのチャリティ・プログラム　PS3®テーマ<A> (JP);;MISSING;http://zeus.dl.playstation.net/cdn/JP9002/NPJQ00047_00/gKJyJppfeDxMMEsVeEIZvGkwlLYQtVZBZPKwazLDXbQrUfAcSJpPuzFaSPdxJLrSIhdDYKZArbegdrQyOZzsYmJwBCZSzmnWykbyE.pkg;1369568;;;JP
JP9002-NPJQ00047_00-D47AINOIZUMI2014;3;「第47回愛の泉」ソニーグループのチャリティ・プログラム　PS3®テーマ<B> (JP);;MISSING;http://zeus.dl.playstation.net/cdn/JP9002/NPJQ00047_00/xdoxJdXcUFZhEJOJDUmVnSkybMmNUjRDbklZVLkoUClyrehkgMJbDRTesjdwyTjLDYYXfgxjeMSHUqiTzZyFcgyHsAMgsmDmGVrMs.pkg;1190624;;;JP
JP9002-NPJQ00046_00-PSPLUSTHEME14012;3;PlayStation®Plusスペシャルテーマ1月分(PS3®) (JP);;MISSING;http://zeus.dl.playstation.net/cdn/JP9002/NPJQ00046_00/biciKihoRvocQjJwLRjmxFtuoOesUvJzHzdDVAPLXttHfvZQzpanSWEinCbaKqOWdyGstxtpYvHZUXEdbExIcUztFGXloHCyMmXLq.pkg;1325712;;;JP
JP9002-NPJQ90060_00-PSVIDEO000002PS3;3;「宇宙戦艦ヤマト2199　星巡る方舟」購入キャンペーン特典　PS3®版テーマ（壁紙） (JP);;MISSING;http://zeus.dl.playstation.net/cdn/JP9002/NPJQ90060_00/JP9002-NPJQ90060_00-PSVIDEO000002PS3_bg_1_b4f78c83db9b04444030e3a397255bc2428ed46e.pkg;1591520;;;JP
